title,year,netflix_id
#realityhigh,2017,80125979
#Roxy,2018,81087095
#Rucker50,2016,80147908
#Selfie,2014,81092768
#Selfie 69,2016,81092766
'89,2017,80227554
01-Oct,2014,80032842
07:19,2016,80134885
1 Chance 2 Dance,2014,70306701
1 Mile to You,2017,80119249
10 Days in Sun City,2017,81172729
10 jours en or,2012,80178940
"10,000 B.C.",2008,70060018
100 Days of Solitude,2018,81001804
100 Meters,2016,80141173
100 Things to do Before High School,2014,81215856
1000 Rupee Note,2014,80113785
12 ROUND GUN,2017,81060041
13 Cameras,2015,80100772
13 Sins,2014,70291114
13TH: A Conversation with Oprah Winfrey & Ava DuVernay,2017,80169801
14 Blades,2010,70130142
14 Cameras,2018,81000863
15-Aug,2019,81033429
16 Blocks,2006,70044870
187,1997,26597413
1898: Our Last Men in the Philippines,2016,80121844
1920,2008,70117674
1st Summoning,2018,81092331
2 States,2014,70303426
"2,215",2018,81059183
2015 Dream Concert,2015,80161826
2036 Origin Unknown,2018,81001097
2307: Winter's Dream,2016,80184973
23:59,2011,70270949
25 Kille,2016,80137461
26 Years,2012,80198771
"27, el club de los malditos",2018,80241044
3 Heroines,2016,81037970
3 Idiots,2009,70121522
3 Türken & ein Baby,2015,80093295
30 Days of Luxury,2016,81035844
300 Miles to Heaven,1989,81168338
47 Metres Down,2017,80109128
48 Christmas Wishes,2017,80232740
4L,2019,80221109
4th Man Out,2015,80087897
5 Cowok Jagoan,2017,81037984
5 Flights Up,2014,80017171
5 Star Christmas,2018,81016408
5 to 7,2014,70307848
50/50,2011,70202141
5CM,2012,81002850
6 Balloons,2018,80130625
6 Days,2017,80178280
6 Years,2015,80045922
6-5=2,2014,80201826
68 Kill,2017,80184129
7 años,2016,80095197
7 Din Mohabbat In,2018,81110388
7 Khoon Maaf,2011,70139075
706,2019,81086434
9,2009,70113538
90 ML,2019,81147278
93 Days,2016,81172895
A 2nd Chance,2011,70290905
A 3 Minute Hug,2019,80244679
A Beautiful Life,2011,70216819
A Billion Colour Story,2016,80987611
A Christmas Prince,2017,80160759
A Christmas Prince: The Royal Wedding,2018,80238204
A Christmas Special: Miraculous: Tales of Ladybug & Cat Noir,2016,80163222
A Dangerous Woman,1993,70060380
A Dogwalker's Christmas Tale,2015,80114891
A Fairly Odd Summer,2014,81214223
A Family Affair,2015,80089199
A Flying Jatt,2016,80136925
A Fortunate Man,2018,81073387
A Glimpse Inside the Mind of Charles Swan III,2012,70262783
A Haunting at Silver Falls: The Return,2019,81147293
A Heavy Heart,2015,80082749
A Home with A View,2019,81029737
A Land Imagined,2019,81041391
A Little Chaos,2014,80017099
A Love Story,2007,70090072
A Mighty Team,2016,80123743
A Mission in an Old Movie,2012,81035869
A Most Violent Year,2014,80017021
A New Capitalism,2017,80994442
A Noble Intention,2015,80106140
A Perfect Ending,2012,70209245
A Perfect Man,2013,70294793
A Remarkable Tale,2019,80245356
A Scandall,2016,80201824
A Second Chance,2015,80092925
A Separation,2011,70175439
A Serious Man,2009,70114021
A Silent Voice,2016,80223226
A Sort of Family,2017,80202808
A Sort of Homecoming,2015,80190147
A StoryBots Christmas,2017,80158854
A Tale of Love and Darkness,2015,80081372
A Tale of Two Kitchens,2019,80244680
A Twelve Year Night,2018,80185375
A Wednesday,2008,70107499
A Witches' Ball,2017,81012857
A Wrinkle in Time,2018,80208155
A Yellow Bird,2016,80115133
A.M.I.,2019,81103033
A.X.L.,2018,80195967
Aadu 2,2017,80994416
Aagey Se Right,2009,70123117
Aajcha Divas Majha,2013,80201623
Aakhri Adaalat,1988,20254278
Aalorukkam,2018,81035105
Aamir,2008,70100644
Aashayein,2010,70170182
Aashik Awara,1993,80157084
Aata Pita,2010,80202086
Abby Sen,2015,80176698
ABCD 2,2015,80057750
ABCD: Any Body Can Dance,2013,70229045
Abdo Mota,2012,81035861
"Abdullah, The Final Witness",2016,81047445
Abhinetri,2016,80150390
Abominable Christmas,2012,70307570
About a Boy,2002,60022998
About Time,2013,70261674
Abzurdah,2015,80115152
Acapulco La vida va,2016,80144311
Accident,2009,70124651
Across Grace Alley,2013,80152091
Across The Line,2015,81083791
Across the Universe,2007,70045863
Act of Vengeance,2010,70233894
Action Replayy,2010,70158421
Acts of Vengeance,2017,80190283
Adhugo,2018,81052265
Advantageous,2015,80038420
After,2019,80244311
Aftershock,2012,70260374
Agadbam,2010,80202088
Aggretsuko: We Wish You a Metal Christmas,2018,81008536
Agyaat,2009,70123116
Aisa Yeh Jahaan,2015,80203782
Aitraaz,2004,70021551
Aiyaary,2018,80243408
Aiyyaa,2012,70261058
Ajji,2017,80993495
Alarmoty in the Land of Fire,2017,81035838
Albion: The Enchanted Stallion,2016,80167699
Alejandro Sanz: What I Was Is What I Am,2018,80202810
Alex Strangelove,2018,80168189
Alexis Viera: A Story of Surviving,2019,81033107
Ali Baba ve 7 Cüceler,2015,80231064
Ali's Wedding,2018,80244709
"Alias JJ, la celebridad del mal",2017,80203742
Alibaba Aur 40 Chor,1980,80158543
Alice Doesn't Live Here Anymore,1974,60010069
Aliens Ate My Homework,2018,80238080
All About Nina,2018,81019338
All Hallows' Eve,2016,80190149
All In My Family,2019,80208662
All Is Well,2019,81030855
All Light Will End,2018,81060040
All of You,2017,81036539
All the Boys Love Mandy Lane,2006,70074100
All the Reasons to Forget,2017,80187301
"All's Well, End's Well (2009)",2009,81029831
Alpha and Omega 2: A Howl-iday Adventure,2013,70297962
Always Be My Maybe,2019,80202874
Amar,2017,80113589
Amar Akbar & Tony,2015,80173234
Amar's Hands,2011,81035872
Amateur,2018,80096984
American Honey,2016,80096782
American Masters: Ted Williams,2018,81088282
American Psycho,2000,60000861
Among Family,2017,81043345
Amrapali,1966,80158390
Amy,2015,80049094
An Affair to Die For,2019,81030976
An American in Madras,2013,80158376
An American Tail,1986,60010082
An American Tail: Fievel Goes West,1991,60033788
An American Tail: The Mystery of the Night Monster,1999,60033786
An American Tail: The Treasures of Manhattan Island,2000,60033787
An Hour and a Half,2012,81035865
An Upper Egyptian,2014,81035868
Ana e Vitória,2018,81020531
Anarkali of Aarah,2017,80195886
Anchor and Hope,2017,80208091
And Breathe Normally,2018,80998427
Andaz Apna Apna,1994,20258084
Andhadhun,2018,81039381
Anesthesia,2015,80087891
Angela's Christmas,2018,80230507
Angels in the Snow,2015,80114890
Angry Indian Goddesses,2015,80081274
ANIMA,2019,81110498
Animal World,2018,81004470
Animas,2018,80239629
Anjaan,2014,80190101
Ankur Arora Murder Case,2013,80201829
Annabelle Hooper and the Ghosts of Nantucket,2016,80190148
Anon,2018,80195964
Another Forever,2016,80135149
Antar: Son of Shadad,2017,81035836
Antariksha Ke Rakhwale,2018,81092781
Anthony Kaun Hai?,2006,70055855
Antidote,2018,81060043
Antoine Griezmann: The Making of a Legend,2019,81049949
Apollo 18,2011,70176655
Apostle,2018,80158148
April and the Extraordinary World,2015,80062096
Aquarius,2016,80113667
"Aram, Aram",2015,80065214
Arctic Heart,2016,80156683
Are We Done Yet?,2018,81065784
Arès,2016,80165083
Arisan! 2,2011,81016326
Arjun: The Warrior Prince,2011,70139073
Armed to the Teeth,2018,81123826
ARQ,2016,80092885
Arthur,2011,70167072
Article 15,2019,81154455
"As Above, So Below",2014,70307661
Ascharyachakit!,2018,81018239
Asees,2018,81024731
Aşk Tesadüfleri Sever,2011,80227118
Asoka,2001,60021758
Assimilate,2019,81136744
Asu Mare 2,2015,80118982
Asura: The City of Madness,2016,80144372
At All Costs,2016,80104182
ATM,2012,80159880
Attacking the Devil: Harold Evans and the Last Nazi War Crime,2014,80104330
Attitude Test,2016,80234464
Aurora,2018,81066244
Autohead,2016,80154688
Automata,2014,70304989
Avicii: True Stories,2017,80097519
Await Further Instructions,2018,81005266
Awe,2018,81052266
Ayana,2017,81067757
"Ayotzinapa, el paso de la tortuga",2018,81013509
Azhar,2016,80108518
B.A. Pass,2013,70290904
B.A. Pass 2,2017,80994443
Baadshaho,2017,80211134
Baaghi,2016,80104648
Baahubali 2: The Conclusion (Hindi Version),2017,80203996
Baahubali 2: The Conclusion (Malayalam Version),2017,80203998
Baahubali 2: The Conclusion (Tamil Version),2017,80203997
Baahubali: The Beginning (English Version),2015,80205231
Baahubali: The Beginning (Hindi Version),2015,80204117
Baahubali: The Beginning (Malayalam Version),2015,80204119
Baahubali: The Beginning (Tamil Version),2015,80204118
Baazaar,2018,81044299
Babam ve Oğlum,2005,80231066
Babel,2006,70045866
Bachelor Girls,2016,80236167
Back and Forth,2016,80148595
Back to School,2019,81034010
Back to the 90s,2015,80999981
Backcountry,2014,80018336
Backdraft 2,2019,81053958
Backfire,2019,81088786
Bad Boys,1995,269880
Bad Boys II,2003,60029167
Bad Day for the Cut,2017,80174219
Bad Genius,2017,80245442
Bad Seeds,2018,80999643
Badha,2006,80201626
Badla,2019,81112446
Ballerina,2016,80166318
Balto,1995,60022255
Balto 2: Wolf Quest,2001,60022254
Balto 3: Wings of Change,2004,70020048
Balu Mahi,2017,80175151
Bana Masal Anlatma,2015,80134515
Band Aid,2017,80172002
Band of Robbers,2015,80064273
Bandie,1978,80158388
Bang Rajan 2,2010,80007777
Bangkok Hell,2002,81000011
Bangkok Traffic (Love) Story,2009,81016044
Barakah Meets Barakah,2016,80103282
Barbecue,2017,80182274
Barbie & Her Sisters in a Pony Tale,2013,70291096
Barbie Dolphin Magic,2017,80192815
Barbie in A Mermaid Tale,2010,70130483
Barbie in Princess Power,2015,80031038
Barbie in Rock 'N Royals,2015,80065930
Barbie Star Light Adventure,2016,80112370
Barbie: A Fairy Secret,2010,70165189
Barbie: Princess Charm School,2011,70197459
Barbie: Spy Squad,2016,80095193
Barbie: The Princess & the Popstar,2012,70246439
Barbie: Video Game Hero,2017,80158155
Barça Dreams,2015,81003984
Barcelona: A Love Untold,2016,80145621
Bareilly Ki Barfi,2017,81016193
Barfi!,2012,70219525
Barrio Universitario,2013,80209558
Barsaat,1995,284890
BASEketball,1998,16914787
Bathinda Express,2016,81024712
Battle,2018,81002685
Battle Drone,2018,80232404
Bayonet,2019,80188579
Bbuddah Hoga Terra Baap,2011,70204288
Beak & Brain: Genius Birds From Down Under,2013,80135631
Bean: The Ultimate Disaster Movie,1997,1171655
Beary Tales,2013,80135586
Beasts of No Nation,2015,80044545
Beat Bugs: All Together Now,2017,80208104
Beats,2019,80216302
Beauties of the Night,2016,80141787
Beauty and the Bestie,2015,80094723
Because of Soccer,2008,81033201
Because We're Heading Out,2016,81035842
Becoming Jane,2007,70065107
Bedtime Stories,2008,70100381
Bee Movie,2007,70060010
Been So Long,2018,80211622
Before I Wake,2016,80002667
Behind The Cove: The Quiet Japanese Speak Out,2015,80132127
Behind the Curtain: Todrick Hall,2017,80185032
Beiimaan Love,2016,80203778
Being AP,2015,80078761
Belgica,2016,80098475
Belief: The Possession of Janet Moses,2015,80126016
Believe,2016,80157888
Belmonte,2018,81025973
Below Her Mouth,2016,80147321
Beneath the Leaves,2019,81061410
Benji,1974,296682
Benji,2018,80204923
Benji's Very Own Christmas Story,1978,70002129
Benji: Off the Leash,2004,60037606
Berlin Calling,2008,70114977
Berlin Kaplani,2012,80134521
Berlin Syndrome,2017,80164392
"Berlin, I Love You",2019,80202465
Berserk: The Golden Age Arc I - The Egg of the King,2012,70258995
Berserk: The Golden Age Arc II - The Battle for Doldrey,2012,70276596
Berserk: The Golden Age Arc III - The Advent,2013,80063025
Best Neighbors,2014,81035852
Between Worlds,2018,80989339
Bewafaa,2005,70034607
Bewildered Bolbol,2010,81035877
Beyond All Boundaries,2013,80172938
Beyond Bollywood,2013,80135359
Beyond the Clouds,2018,81005454
Bhasmasur,2017,81048561
Bhavesh Joshi Superhero,2018,80243541
Bheemayan,2018,81092777
Bhool Bhulaiyaa,2007,70082633
Bhouri,2017,80203781
Bibi & Tina,2014,80015280
Bibi & Tina II,2014,80141253
Bibi & Tina: Girls Versus Boys,2016,80141254
Bibi & Tina: Tohuwabohu Total,2017,80141781
Big Miracle,2012,70212504
Big Time Movie,2012,80027560
Bigger Fatter Liar,2017,80164465
Billu,2009,70115621
Billy Elliot,2000,60003378
Bilu Rakkhosh,2017,80239442
Bioscope,2015,81002212
Bir Baba Hindu,2016,80227115
Birders,2019,80244682
Birdshot,2016,80222896
Birthmarked,2018,80241779
Bitch,2017,80174144
Bitcoin Heist,2016,80203776
Bittoo Boss,2012,80165848
Black Man White Skin,2015,80104041
Black Mirror: Bandersnatch,2018,80988062
Black Rose,2014,80164164
Black Sea,2015,80013271
Black Snow,2017,80184770
BLAME!,2017,80115466
Bleach,2018,80217733
Bleach the Movie: Hell Verse,2010,70260383
Blessed Benefit,2016,80148070
Blind Date,2015,80123744
Blind Detective,2013,70285697
Blinky Bill: The Movie,2015,80119555
Blockbuster,2017,80194737
Blood Money,2012,80175623
Blood Will Tell,2019,81018067
Blow,2001,60020891
Blue Is the Warmest Color,2013,70275600
Blue Jasmine,2013,70270362
Blue Jay,2016,80117746
Blue Ruin,2013,70278931
Blue Valentine,2010,70122316
BNK48: Girls Don't Cry,2018,81059444
Bob's Broken Sleigh,2015,80090672
Bobby Robson: More Than a Manager,2018,81018536
Bogda,2018,81155782
Boi,2018,80173485
BoJack Horseman Christmas Special: Sabrina's Christmas Wish,2014,80019503
Bokeh,2017,80167644
Bollywood Calling,2001,81088700
Bolt,2008,70099615
Bomb Scared,2017,80134526
Bombairiya,2018,81013990
Bombay Talkies,2013,70275753
Bon Bini Holland,2015,80106137
Bon Cop Bad Cop 2,2017,80131563
"Bon Cop, Bad Cop",2006,70095265
Boom,2003,60036746
Born in Gaza,2014,81077863
Born in Syria,2016,81077851
Born Strong,2017,80210716
Born to Be Free,2016,80131414
Boss,2013,70295762
Bottom of the World,2017,80142103
Boy and the World,2013,80063617
Boy Bye,2016,80174097
Boy Missing,2016,80121386
Boyhood,2014,70301281
Brahman Naman,2016,80097355
Brain on Fire,2016,80128245
Brampton's Own,2018,81037733
Brave New Jersey,2016,80197310
Break Up 100,2014,81030201
Breaking Free,2015,80220783
Breaking the Cycle,2017,80217333
Breaking Up,1997,60028688
Breath,2018,80244190
Brick,2005,70024088
Bride For Rent,2014,81010869
Brij Mohan Amar Rahe,2018,80992995
Broken Sword Hero,2017,80224233
Brother in Love,2019,81158574
Brother's Keeper,1992,60029558
Brother's Shadow,2006,70068739
Brotherhood of Blades II: The Infernal Battlefield,2017,80226242
Bruno and Boots: Go Jump in the Pool,2016,80191356
Bruno and Boots: The Wizzle War,2017,80191358
Bruno and Boots: This Can't Be Happening at Macdonald Hall,2017,80191357
Bucket List,2018,81029848
Budapest,2018,80987464
Buddies,2012,80095232
Buddy Thunderstruck: The Maybe Pile,2017,80149064
Budhia Singh: Born to Run,2016,80165849
Buffalo Boys,2018,81019144
Bugs,2016,80108610
Bullet Head,2017,80190180
Bullitt County,2018,81032375
Bunks,2013,80082210
Burn After Reading,2008,70098606
Burn Out,2017,80171678
Burning,2018,81015498
Burning Sands,2017,80097003
Bushwick,2017,80174220
Buster's Mal Heart,2016,80152442
Butterfield 8,1960,60002033
BuyBust,2018,80222787
Bygones Be Bygones,2017,81132441
C Kkompany,2008,70109249
Cabin Fever,2016,80079473
Caida del Cielo,2016,80149575
Cake,2018,81110389
Calendar Girls,2015,80202089
Calibre,2018,80198478
Calum von Moger: Unbroken,2019,81146011
Cam,2018,80177400
Camarón: The Film,2018,80232891
Camp Cool Kids,2017,80195653
Camp X-Ray,2014,70298946
Can't Help Falling in Love,2017,80188883
Candy Jar,2018,80164864
Candyflip,2017,81067758
Candyman,1992,347365
Cappuccino,2017,80994575
Carbon,2017,81005312
Cardboard Gangsters,2016,80227777
Care of Kancharapalem,2018,81113928
Caregiver,2008,70110919
Cargo,2018,80161216
Carrie,1976,352989
Çarsi Pazar,2015,80134516
Carter High,2015,80080756
Casablancas: The Man Who Loved Women,2016,80137087
Casino Tycoon,1992,70033643
Casino Tycoon 2,1992,70033644
Cat on a Hot Tin Roof,1958,70046968
Catching Feelings,2018,80218111
Catfight,2016,80144804
Cats & Dogs: The Revenge of Kitty Galore,2010,70132722
Catwalk: Tales from the Cat Show Circuit,2018,81005561
Cave,2016,80164206
Celluloid Man,2012,80170612
Cézanne et moi,2016,80152447
Chaahat,1996,80158395
Chaar Sahibzaade,2014,80039595
Chadi Jawani Budhe Nu,1976,80158389
Chal Bhaag,2014,81024726
Chal Dhar Pakad,2010,80238299
Chalay Thay Saath,2017,80994418
Chalte Chalte,2003,60036112
Chamatkar,1992,80157133
Chameli,2004,70002291
Chance Pe Dance,2009,70123120
Chandani: The Daughter of the Elephant Whisperer,2010,70175127
Chaotic Love Poems,2016,81037986
Charlie's Angels: Full Throttle,2003,60027726
Chashme Buddoor,2013,70275774
Chasing the Dragon,2017,80215782
Chatô: The King of Brazil,2015,80094453
Chauthi Koot,2015,80060060
Chennai Express,2013,70254350
Chernobyl Diaries,2012,70233317
Cherry Pop,2017,80201449
Chhota Bheem Aur Kaala Yodha,2018,81092779
Chhota Bheem Ka Romani Adventure,2018,81092776
Chhota Bheem Ka Troll Se Takkar,2018,81092778
Chhota Bheem Kungfu Dhamaka,2019,81154987
Chicken Kokkachi,2017,80994424
Chicken Little,2005,70028197
Chief Daddy,2018,81074015
Chillar Party,2011,70139072
China Salesman,2017,80992496
Chittagong,2012,80084756
Chopsticks,2019,80993095
Christian Mingle,2014,80018328
Christine,2016,80097814
Christmas Break-In,2019,81154982
Christmas in the Smokies,2015,80156925
Christmas Wedding Planner,2017,80224054
Christmas With A View,2018,80224055
Christmas with the Kranks,2004,70011207
Christopher Robin,2018,80221560
Chronicle of an Escape,2006,70074315
Chup Chup Ke,2006,70052249
Chupan Chupai,2017,81045085
CIA: Comrade in America,2017,80192548
Circle,2015,80070182
Cirque du Freak: The Vampire's Assistant,2009,70114022
Cities of Last Things,2018,81024041
City of God: 10 Years Later,2013,80116761
City of Tiny Lights,2016,80155863
Clair Obscur,2016,80155812
Clash,2016,80147323
Clash of the Titans,2010,70119812
class of '61,1993,80103383
Cleopatra Jones,1973,382650
Clinical,2017,80096955
Close,2019,80207371
Closed Circuit,2013,70271601
Cloud Atlas,2012,70248183
Clouds of Sils Maria,2014,80013293
Cloudy with a Chance of Meatballs,2009,70113007
"Club de Cuervos Presents: I, Potro",2018,80226951
Coco,2017,80189213
Coco (Spanish Version),2017,81006986
Code Name: The Cleaner,2007,70044705
Coffee Ani Barach Kahi,2015,80201610
Coffee for All,2017,80232894
Coffee with D,2017,80201820
Coin Heist,2017,80097725
Çok Filim Hareketler Bunlar,2010,80134606
Cold War 2,2016,80117738
Colkatay Columbus,2016,80180509
Colonia,2015,80081277
Come Sunday,2018,80152625
Company,2002,60036613
Compulsion,2016,81004460
Concrete Football,2016,80184974
Concussion,2013,70267490
Conjuring Spirit,2014,81002601
Connected,2008,70118801
Conor McGregor: Notorious,2017,80164752
Consequences,2014,81132444
Contract,2008,70105459
Convict,2014,81035853
Cop and a Half: New Recruit,2017,80190984
Cop Watchers,2016,80185723
Coraline,2009,70105599
Cosmos Laundromat: First Cycle,2015,80114804
Countdown to Death: Pablo Escobar,2017,80175405
Counterpunch,2017,80049873
Couples Counseling,2016,80144890
Crash,2004,70023961
Crazy Beautiful You,2015,80044888
CRD,2016,80157889
Creep,2014,70306646
Creep 2,2017,80168161
Crossroads: One Two Jaga,2018,81015153
"Crouching Tiger, Hidden Dragon",2000,60002907
"Crouching Tiger, Hidden Dragon: Sword of Destiny",2016,80039717
Cult of Chucky,2017,80199767
Cultivating the Seas: History and Future of the Full-Cycle Cultured Kindai Tuna,2019,81053893
Da Kath & Kim Code,2005,81018141
Daagdi Chaawl,2015,80201612
Dabbe 5: Curse of the Jinn,2014,81043540
Dabbe 6: The Return,2015,81043542
Dabbe: The Possession,2013,81043541
Dad,1989,60011619
Daddy Day Care,2003,60027689
Daddy Issues,2019,81122669
Daemonium,2015,80142140
Daffedar,2017,80994423
Dallas Buyers Club,2013,70275751
Dance Academy: The Comeback,2017,80244472
Dancing Quietly,2016,80106786
Dangal,2016,80166185
Dante's Peak,1997,1151375
Danur: I Can See Ghosts,2017,81047902
Darc,2018,80232330
Dare to Be Wild,2015,80209356
Dark Chocolate (Bengali Version),2016,80218586
Dark Places,2015,80025495
Darkness Rising,2017,80187517
Darna Mana Hai,2003,60032685
Darra,2016,80203789
Daughters of the Dust,1991,60001104
David Brent: Life on the Road,2016,80103818
Day of the Dead: Bloodline,2018,80119177
Dayveon,2017,80170870
Deadly Detention,2017,81050194
Deadly Switch,2019,81050190
Dear Dad,2016,80207444
Dear Dracula,2012,80081337
Dear Ex,2018,81045891
Dear Zindagi,2016,80158042
Death at a Funeral,2010,70118780
Death House,2017,80235472
Death Note,2017,80122759
Deathgrip,2017,80214584
Dedemin Fisi,2016,80134518
Deep,2017,80196379
Deewana,1992,24003701
Deewana Main Deewana,2013,80236278
Deidra & Laney Rob a Train,2017,80108984
Delhi 6,2009,70113306
Delhi Belly,2011,70152959
Deliha,2014,80134330
Deliha 2,2018,81132443
Delirium,2018,80082969
Democrats,2014,80052683
Deool,2011,80201619
Derren Brown: Miracle,2018,80219802
Derren Brown: Sacrifice,2018,80216677
Derren Brown: The Push,2018,80220000
Desolation,2017,80221308
Despite Everything,2019,81031939
Detective Dee: The Four Heavenly Kings,2018,81010962
Detention Letter,2017,81035835
Dev.D,2009,70113305
Devil's Bride,2016,80106038
Devrai,2004,70117122
Dhan Dhana Dhan Goal,2007,70084775
Dhanak,2015,80115686
Dharam Sankat Mein,2015,80165850
Dharm,2007,70094924
Dhobi Ghat (Mumbai Diaries),2010,70144331
Dhoondte Reh Jaoge,2009,70114588
Diana: In Her Own Words,2017,80221317
Diary of a Chambermaid,2015,80044536
Dil Hai Tumhaara,2002,60033223
Dil Se,1998,17671454
Dil Vil Pyaar Vyaar,2014,80032472
Dilwale,2015,80091866
Disciples of the 36th Chamber,1985,80039484
Dismissal,2017,80103425
Divines,2016,80115031
DJ Cinderella,2019,80245601
Do Dooni Chaar,2010,70185139
Doctor Zhivago,1965,449931
Dog Eat Dog,2016,80115134
Dolphin Kick,2019,81076055
Dolphin Tale 2,2014,70305955
Domino,2019,80200087
Don Quixote: The Ingenious Gentleman of La Mancha,2015,80213400
Don't Be Afraid of the Dark,2010,70135899
Don't Go Breaking My Heart,2011,81030198
Don't Go Breaking My Heart 2,2014,80017265
Don't Knock Twice,2016,80153131
Don't Look Down,2016,80141261
Don't Think Twice,2016,80103372
Doubles Cause Troubles,1989,80997858
Doubt,2008,70100377
Dovlatov,2018,80990221
Dr. Seuss' The Cat in the Hat,2003,60031264
Dr. Seuss' The Grinch,2018,80996790
Dragon Tiger Gate,2006,70082255
Dragonkala Ka Rahasya,2018,81092782
Dragons: Dawn of the Dragon Racers,2014,80026431
Dream Boat,2017,80178882
DreamWorks Home: For the Holidays,2017,80191081
Dries,2017,80197427
Drink Drank Drunk,2016,81036530
Drishyam,2015,80068117
Drive,2019,81189912
Dry Martina,2018,81039410
Duck Butter,2018,80115118
Duck Duck Goose,2018,80195962
Dude,2018,80192186
Düğün Dernek,2013,80038298
Dügün Dernek 2: Sünnet,2015,80134500
Dukhtar,2014,80114155
Dum,2003,60036617
Dumb and Dumberer: When Harry Met Lloyd,2003,60027716
Dumplin',2018,80201490
Dushman,2017,81024703
Dying to Tell,2018,81073590
Earth to Echo,2014,70287957
Eat Pray Love,2010,70130445
Echcharikkai,2018,81045065
Eddie - Strongman,2015,80142450
Edge of Fear,2018,80232501
Ee Nagaraniki Emaindi,2018,81052275
Eeda,2018,81018233
Eerie,2019,81028404
Eh Janam Tumhare Lekhe,2015,80203792
Ek Cup Chya,2009,80201814
Ek Hasina Thi,2004,70006816
Ek Jaan Hain Hum,1983,80156941
Ek Khiladi Ek Haseena,2005,70043149
Ek Ladki Ko Dekha Toh Aisa Laga,2019,81076749
Ek Main Aur Ekk Tu,2012,70181653
Ekşi Elmalar,2016,80227113
El Che,2017,80193423
El club de los buenos infieles,2018,80230423
El club de los insomnes,2018,80990725
El fin de ETA,2017,80160972
El Potro: Unstoppable,2018,81000860
El testigo,2018,81130373
El Viaje: Márama y Rombai,2016,80208635
Elaan,1971,80158482
Elena,2012,81137484
Eli,2019,80206910
Elisa & Marcela,2019,80121387
Elliot the Littlest Reindeer,2018,80215046
Emelie,2016,80087354
EMI: Liya Hai To Chukana Padega,2008,70111279
Emma' (Mother),2016,81016318
Emo the Musical,2016,80198055
Empire of Scents,2014,80192627
Employee of the Month,2006,70051671
Enemy,2013,70293661
English Babu Desi Mem,1996,20764666
Entanglement,2018,80225595
Enter the Anime,2019,81143771
Enter the Dragon,1973,60036838
Enter the Warriors Gate,2016,80138681
Equals,2015,80067754
Erased,2012,70252885
Errementari: The Blacksmith and the Devil,2018,80239565
Escape from Mr. Lemoncello’s Library,2017,81215437
Escape from the Liberty Cinema,1990,81168345
Esperando La Carroza,1985,70266171
Estar o no estar,2016,80144144
Ethirmarai,2018,80244992
Euphoria,2018,81179693
Evan Almighty,2007,70045274
EVANGELION: DEATH (TRUE)²,1998,81033473
Eve's Apple,2017,80202713
Evelyn,2019,80216928
Even the Rain,2010,70154110
Evening Shadows,2018,81045072
Everybody Knows,2019,80996787
Everyday I Love You,2015,80085013
Everything About Her,2016,80100268
Ex Machina,2015,80023689
Executive Decision,1996,485218
Exit Afghanistan,2013,80114498
Exit Strategy,2012,70230147
Exit Wounds,2001,60020892
Expedition Happiness,2017,80224476
Expo,2019,81167494
"Extremely Wicked, Shockingly Evil and Vile",2019,81028570
Eyyvah Eyvah,2010,80038353
Eyyvah Eyyvah 2,2011,80038354
Eyyvah Eyyvah 3,2014,80038439
F the Prom,2017,80214580
F.R.E.D.I.,2018,81025946
Face 2 Face,2017,80223136
Fakta Ladh Mhana,2011,80202087
Fallen,1998,1192866
Falling Inn Love,2019,80999781
Familiye,2017,81059956
Famous in Ahmedabad,2015,80139507
Fandry,2014,80084454
Fanny's Journey,2016,80173307
Faraar,2015,81024716
Farce,2017,81035881
Fashion,2008,70111162
Fatso,2012,81067759
Fear and Loathing in Las Vegas,1998,11819434
February,2015,80080768
Feminists: What Were They Thinking?,2018,80216844
Feo pero sabroso,2018,81091381
Ferrari Ki Sawaari,2012,70236587
Fifty,2015,80082739
Figaro Pho,2008,80118841
Fighting Beat,2007,80999986
Filosofi Kopi,2015,81016322
Finally Found Someone,2017,80206696
Fire at Sea,2016,80100945
Fire in the Blood,2012,70268209
Firebrand,2019,81026327
Fireflies,2013,81077451
Fireflies in the Abyss,2015,80135096
Fireplace 4K: Classic Crackling Fireplace from Fireplace for Your Home,2015,80092839
Fireplace 4K: Crackling Birchwood from Fireplace for Your Home,2015,80092835
Fireplace for Your Home,2010,70222873
First Impression,2018,81103108
First Kiss,2018,81164752
First Match,2018,80117458
FirstBorn,2016,80152842
Fishpeople,2017,80196139
Fishtronaut: The Movie,2018,80205442
Fitoor,2016,80099083
Five Elements Ninjas,1982,70124316
Five Nights in Maine,2015,80081955
Fiza,2000,60003290
Flash of Genius,2008,70098902
Flavors of Youth: International Version,2018,80234491
Flimflam,2016,81035841
Flock of Four,2018,80238607
Flying Guillotine 2,1978,80997870
Follow Me,2017,81037898
Food on the Go,2017,80233511
Footprints: The Path of Your Life,2015,80127764
For Greater Glory,2012,70242938
For Here or to Go?,2015,80176707
For the Love of Benji,1977,516154
For Your Own Good,2017,80202503
Forbidden Games: The Justin Fashanu Story,2017,80191930
Forbidden Planet,1956,516788
Force 2,2016,80159955
Forever Chape,2018,80227672
Forever Pure,2016,80148223
Forgive Us Our Debts,2018,80244782
Forgotten,2017,80223050
Four Sisters and a Wedding,2013,81010873
Four Weddings and a Funeral,1994,520489
Franca: Chaos and Creation,2016,80147971
Frances Ha,2012,70257412
Frank and Cindy,2015,80085439
Free Fire,2016,80091310
Free Rein: The Twelve Neighs of Christmas,2018,81001412
Free Rein: Valentine's Day,2019,81001413
Freedom at Midnight,2018,81025884
Freezer's Campaign,2016,81035843
French Dirty,2015,80065220
Friend Request,2016,80097516
From Japan to Egypt,2017,81035837
From the Land of the Moon,2016,80104977
Froning: The Fittest Man in History,2016,80095718
Frozen Planet: On Thin Ice,2011,70279637
Frozen Planet: The Epic Journey,2011,80049171
Frozen River,2008,70084148
Full Out,2015,80102579
FullMetal Alchemist,2017,80223731
Fun Mom Dinner,2017,80168234
Furie,2019,81075519
G-Force,2009,70108985
G.O.R.A,2004,80038440
Gabbar Is Back,2015,80057278
Gabriel and the Mountain,2017,80194289
Gaddar: the Traitor,2015,80058851
Gagarin: First in Space,2013,80192149
Galih dan Ratna,2017,81016317
Game Over (Hindi Version),2019,81151880
Game Over (Tamil Version),2019,81151877
Game Over (Telugu Version),2019,81151878
Gangs of New York,2002,60021787
GANTZ:O,2016,80149259
Garbage,2018,80994130
Garuda in My Heart,2009,81016328
Garuda in My Heart 2,2011,81016327
Gatao 2: Rise of the King,2018,81072917
Gehenna: Where Death Lives,2016,81001121
Gelo,2016,80203788
GEN HOSHINO STADIUM TOUR “POP VIRUS”,2019,81171871
Gender Revolution: A Journey with Katie Couric,2017,80186731
Generation Iron 2,2017,80172937
Generation Iron 3,2018,81018181
Genius,2018,81057246
George of the Jungle 2,2003,60030245
Gerald's Game,2017,80128722
Get Santa,2014,80020772
Get Smart,2008,70077557
Getaway Plan,2016,80103312
Getting Played,2005,70048968
Ghanchakkar,2013,70219528
Ghost House,2017,80184972
Ghost Pain,2013,80002073
Ghost Patrol,2016,80118280
Ghost Team,2016,80091219
Ghost Tears,2014,80021983
Ghost Whispers,2013,80002074
Gie,2005,81016337
Gigi,1958,542137
Ginger & Rosa,2012,70257413
Girl,2018,81004374
"Girl, Boy, Bakla, Tomboy",2013,81010864
Girlfriend's Day,2017,80081987
Girls With Balls,2019,80198508
GLOW: The Story of the Gorgeous Ladies of Wrestling,2012,70296765
Gnome Alone,2018,80232279
God Bless the Broken Road,2018,80131616
God of War,2017,80145625
God's Own Country,2017,80170875
GODZILLA City on the Edge of Battle,2018,80180376
GODZILLA The Planet Eater,2018,80198623
Going for Gold,2018,80988262
Golden Time,2013,80205563
Goldstone,2016,80144453
Gollu Aur Pappu,2014,80165851
Gone Are the Days,2018,80239710
Good Burger,1997,60028097
Good Kids,2016,80119375
Good Kill,2014,80015799
Good Luck,2012,81035870
Good Luck Chuck,2007,70065112
Good People,2014,70304990
Good Sam,2019,80998967
Goodbye Lover,1998,11819477
Gook,2017,80174137
Goon,2011,70209163
Goon: Last of the Enforcers,2016,80163263
Goosebumps 2: Haunted Halloween,2018,80991404
Görümce,2016,80227116
Gosford Park,2001,60021796
Gothika,2003,60031247
Gour Hari Dastaan: The Freedom File,2015,80201825
Goyo: The Boy General,2018,81031181
Grand Masti,2013,70294790
Grandmaster,2012,70241088
Grass,2017,81071972
Grease,1978,60000577
Green Room,2015,80060034
Green White Green (And All the Beautiful Colours in My Mosaic of Madness),2016,80208908
Growing Up Coy,2016,80128657
Growing Up Wild,2016,80158772
Guilty,2015,80080618
Gun City,2018,80199806
Gun Runners,2015,80124947
Gurgaon,2017,80990815
Guru,2007,70063017
Guy Martin: Last Flight of the Vulcan Bomber,2015,80228239
Guzaarish,2010,70139074
Haani,2013,80032474
Haapus,2010,80201604
Habibie & Ainun,2012,81047898
Hadi İnşallah,2014,80227119
Haider,2014,70303432
Hajwala 2: Mysterious Mission,2018,81074140
Hajwala: The Missing Engine,2016,80202605
Half Girlfriend,2017,80192420
Halkaa,2018,81038832
Hamara Dil Aapke Paas Hai,2000,60003401
Hamid,2018,81123050
Hamza's Suitcase,2017,81035880
Handsome Devil,2016,80151962
Hans Zimmer: Live in Prague,2017,80224605
Hantu Kak Limah,2018,81049950
Happy Anniversary,2018,80143362
Happy as Lazzaro,2018,81004245
Happy Go Lucky,2014,80032476
Happy Hunting,2017,80167491
Happy Journey,2014,80201611
Happy New Year,2014,80017528
Happy Times,2014,80158270
Haraamkhor,2015,80095530
Hard Lessons,1986,60022914
Hard Tide,2015,80162141
Harishchandrachi Factory,2009,70127589
Harlem Globetrotters: The Team That Changed the World,2005,70039241
Harold & Kumar Escape from Guantanamo Bay,2008,70083108
Harriet the Spy: Blog Wars,2010,70142918
Harry and Snowman,2015,80105342
Harry and the Hendersons,1987,60010426
Harud,2010,70153553
Haseena Maan Jaayegi,1999,70021253
Hattrick,2007,70068799
Haunters: The Art of the Scare,2017,80213401
Haunting on Fraternity Row,2018,80990534
Have You Seen the Listers?,2017,80994282
Havenhurst,2016,80132601
Hayat Öpücügü,2015,80134604
Hazaaron Khwaishein Aisi,2003,70040077
He Even Has Your Eyes,2016,80156763
He Never Died,2015,80058460
He's Out There,2018,80990532
Head Count,2018,81037283
Head On,1998,60000677
Headshot,2016,80109145
Headwinds,2011,80011026
Heathers,1989,580335
Hedgehogs,2016,80233085
Helios,2015,80106306
Hell and Back,2015,80058026
Hell or High Water,2016,80108616
Hellboy,2004,60034549
Heneral Luna,2015,80084834
Her,2013,70278933
Here Alone,2016,80107948
Hero,1997,80039485
Héroes,2015,80209722
Heroes Wanted,2016,80093105
Heroine,2012,70229044
Hey Arnold! The Jungle Movie,2017,81215438
Hidden in Plain Sight,2019,81094667
Hide & Seek,2010,70138498
Hide and Seek,2016,80153897
High Flying Bird,2019,80991400
High Society,2018,81026705
Highly Strung,2015,80134682
Highway,2014,70303424
Hikaru Utada Laughter in the Dark Tour 2018,2018,81092491
Himmatwala,2013,70254349
Hisss,2010,70170181
History of Joy,2017,80998560
Hitler - A Career,1977,80106791
Hitler's Olympics,2016,80107987
Hitler's Steel Beast,2017,80208211
Ho Mann Jahaan,2015,80094964
Hokkabaz,2006,80134524
Holding the Man,2015,80104552
Holiday in the Wild,2019,80231468
Holidays,2016,80096585
Holly Star,2018,81083786
Holy Goalie,2017,80162993
Holy Man 2,2008,80999990
Holy Man 3,2010,80999991
Hombanna,2017,80990816
Home Is Where the Killer Is,2019,81183570
Homeland,2019,81191228
Hondros,2017,80190924
Honey 2,2011,70184050
Hoodwinked Too! Hood vs. Evil,2011,70117582
Hope Aur Hum,2018,81019924
Horns,2013,70266677
Horror Story,2013,80170483
Hostage to the Devil,2016,80119140
Hostages,2017,80208468
Hot Property,2016,80162142
Hotel Pacific,1975,81168347
Hotel Transylvania 3: Summer Vacation,2018,80233925
House of the Witch,2017,81003460
"Houston, We Have a Problem!",2016,80115874
How the Grinch Stole Christmas,2000,60000901
How to Be a Player,1997,1179333
How to Change the World,2015,80036832
How to Get Over a Breakup,2018,81020005
How to Make an American Quilt,1995,607931
Howards End,1992,60029366
Hridaynath,2012,80202905
Hükümet Kadin,2013,80038355
Hükümet Kadin 2,2013,80038441
Hum Aapke Hain Koun,1994,60035870
Hum Saath-Saath Hain,1999,80074065
Humko Deewana Kar Gaye,2006,70049619
Hungerford,2014,80231602
Hunter's Prayer,2015,70295169
Hunting Season,2017,80993650
Hurricane Bianca,2016,80117742
Hurricane Bianca: From Russia With Hate,2018,80202176
Husbands in Goa,2012,70254342
Hush,2016,80091879
Hypersomnia,2016,80159025
I Am,2010,81077597
I Am Bolt,2016,80135360
I Am Kalam,2010,80236279
I Am Michael,2015,80161640
I Am Mother,2019,80227090
I Am Not an Easy Man,2018,80175421
I Am Not Madame Bovary,2016,80143797
I Am Sun Mu,2015,80154179
I Am the Pretty Thing That Lives in the House,2016,80094648
I Am Vengeance,2018,80989338
I Am Wrath,2016,80058248
I Don't Feel at Home in This World Anymore,2017,80100937
I Don't Know How She Does It,2011,70202151
I Dream Of Dance,2017,81047677
I Fine... Thank You... Love You,2014,80158838
I Hate Luv Storys,2010,70139071
I Love You,2016,80226021
I Remember You,2017,80216988
I'll See You in My Dreams,2015,80039050
I'm in Love with a Church Girl,2013,70286355
"I, Daniel Blake",2016,80112518
Ibiza,2018,80195049
iBOY,2017,80099016
Icarus,2017,80168079
Ice Guardians,2016,80150246
Iceman,2014,80003479
Ideachi Kalpana,2010,80201809
Igor,2008,70099119
III Smoking Barrels,2017,81062606
Illang: The Wolf Brigade,2018,80239666
Imago,2018,81048554
Immoral Tales,1974,80039136
Imperfect,2012,81036532
Imperial Dreams,2014,70301279
In Darkness,2018,80211380
In Defense of a Married Man,1990,70206818
In Family I Trust,2018,80216541
In My Country,2018,81172905
In Order of Disappearance,2014,70301484
In Search of Fellini,2017,80189216
In the Shadow of Iris,2016,80156857
In the Tall Grass,2019,80237905
In This Corner of the World,2016,80192244
Incir Receli 2,2014,80134433
Incomplete,2017,80169549
Incredibles 2 (Spanish Version),2018,81059388
Indiana Jones and the Kingdom of the Crystal Skull,2008,70084799
Indiana Jones and the Last Crusade,1989,60010487
Indiana Jones and the Raiders of the Lost Ark,1981,60011649
Indiana Jones and the Temple of Doom,1984,60010488
Influx,2016,80225907
Inhuman Kiss,2019,81093122
Initial D,2005,70043379
Inkaar,2013,70268489
Inkheart,2008,70101345
Insan,2005,70025303
Insidious,2010,70142542
Into the Forest,2015,80080491
InuYasha the Movie 2: The Castle Beyond the Looking Glass,2002,70018513
InuYasha the Movie 3: Swords of an Honorable Ruler,2003,70036200
InuYasha the Movie 4: Fire on the Mystic Island,2004,70052492
InuYasha the Movie: Affections Touching Across Time,2001,70012316
Invader Zim: Enter the Florpus,2019,81091957
Invictus,2009,70118779
Invisible,2017,80232892
Ip Man,2008,70118799
Ip Man 2,2010,70137753
Ip Man 3,2015,80076698
Iqbal,2006,70048905
Irada Pakka,2010,80235957
Iron Cowboy: The Story of the 50.50.50,2018,81092325
Iron Man & Captain America: Heroes United,2014,80005501
Irreplaceable You,2018,80184625
Ishq Wala Love,2014,80201614
Ishqedarriyaan,2015,80223227
Issaq,2013,80223195
İstanbul Kırmızısı,2017,80227117
It Takes a Man and a Woman,2013,81010866
It's Fine,2012,81035867
It's Now or Never,2015,80092850
"It's Okay, Buddy",2017,81035884
Ittefaq,2017,80164904
Iverson,2014,80011846
Jaal,1986,80157086
Jaane Tu... Ya Jaane Na,2008,70089214
Jab Harry Met Sejal,2017,80206847
Jack and the Cuckoo-Clock Heart,2013,70302836
Jack of All Trades,2018,81151313
Jackie Brown,1997,60010514
Jackpot,2015,81002592
Jagat,2015,81066961
Jagga Jasoos,2017,80104130
Jake's Buccaneer Blast,2014,80164979
Jal,2013,80028360
Jalpari: The Desert Mermaid,2012,80091267
Janaan,2016,80142637
Jaoon Kahan Bata Ae Dil,2018,81074367
Jatt James Bond,2014,80032473
Jatts in Golmaal,2013,80084838
Jay and Silent Bob Strike Back,2001,60004476
Jealousy and medicine,1973,81168348
Jefe,2018,80235268
Jessica Darling's It List,2016,80190146
Jewel's Catch One,2016,80990829
Jhankaar Beats,2003,60031998
Jinxed,2013,81214187
Jo Pil-ho: The Dawning Rage,2018,80244640
Jodhaa Akbar,2008,70090035
Joe Cocker: Mad Dog with Soul,2017,80164112
John & Jane,2005,80115844
John Carter,2012,70143369
Joker,2012,70219529
Jonaki,2018,81038047
Jonas,2015,80119235
Jonathan,2018,81034599
Jora 10 Numbaria,2017,80228146
Joseph: King of Dreams,2000,60003155
Journey to Greenland,2016,80117940
Joy,2019,81046255
Juanita,2019,80184676
Judge Singh LLB,2015,81024713
Judwaa 2,2017,80236906
Judy Moody and the Not Bummer Summer,2011,70183165
Junebug,2005,70024098
Jupiter Ascending,2015,70301367
Just Another Love Story,2007,70084180
Just Friends,2005,70039185
Just Love,2018,81021098
"Justice, My Foot!",1992,70033611
Kaabil,2017,80171598
Kaakan,2015,80238297
Kaake Da Viyah,2019,81155859
Kaaliyan,2017,80998562
Kabali (Hindi Version),2016,80227673
Kabhi Haan Kabhi Naa,1994,80157083
Kabir Singh,2019,81107545
Kacche Dhaagey,2016,80203791
Kahaani,2012,70236020
Kahlil Gibran's The Prophet,2014,80017272
Kai Po Che!,2013,70254346
Kajraare,2010,80211135
Kalakalappu,2012,70229040
Kaleidoscope,2016,80217133
Kalki,2017,80235958
Kaminey,2009,70117268
Kanavu Variyam,2017,80187684
Kanika,2017,80238296
Kara Bela,2015,80134436
Kardec,2019,80997400
Karzzzz,2008,70109884
Katti Batti,2015,80067906
Kaviyude Osyath,2017,80994573
Kay Dyache Bola,2005,80201810
Kevin Hart's Guide to Black History,2019,80231156
Kevyn Aucoin: Beauty & the Beast in Me,2017,80214621
Khalnayak,1993,17969262
Khido Khundi,2018,81024696
Khoobsurat,2014,70303428
Khoon Khoon,1973,80158480
Khosla Ka Ghosla,2006,70056059
Khushi,2003,80223317
Kia and Cosmos,2018,81094083
Kidnapping Mr. Heineken,2015,70299204
Kidnapping Stella,2019,81044248
Kids on the Block,2019,81132440
Kill Command,2016,80100261
Kill Hitler! The Luck of the Devil,2015,80208082
Kill Me If You Dare,2019,81132437
Kill the Irishman,2011,70128697
Kill the Messenger,2014,80013772
Killa,2014,70302835
Killer Elite,2011,70202135
Killing Ground,2016,80171027
Kills on Wheels,2016,80147758
Kilo Two Bravo,2014,80071907
King Jack,2015,80053140
King of Boys,2018,81172721
King of Peking,2018,80190463
King's Ransom,2005,70020947
Kis Kisko Pyaar Karoon,2015,80079229
Kisaan,2009,70125882
Kismat Konnection,2008,70101039
Kiss & Cry,2017,80178720
Kita Kita,2017,81036745
KL Zombi,2013,80163407
Know Your Enemy - Japan,1945,80119190
Kocan Kadar Konus,2015,80134514
Kocan Kadar Konus 2: Dirilis,2016,80134398
Koi Aap Sa,2006,70045644
Komola Rocket,2018,81048548
Kon-Tiki,2012,70260989
Krish Trish and Baltiboy,2009,80182480
Krish Trish and Baltiboy: Battle of Wits,2013,80182483
Krish Trish and Baltiboy: Best Friends Forever,2016,80182596
Krish Trish and Baltiboy: Comics of India,2012,80182482
Krish Trish and Baltiboy: Face Your Fears,2017,80182622
Krish Trish and Baltiboy: Oversmartness Never Pays,2017,80182597
Krish Trish and Baltiboy: Part II,2010,80182481
Krish Trish and Baltiboy: The Greatest Trick,2013,80182621
Krisha,2015,80046777
Krishna Cottage,2004,70025612
Kristy,2013,70266684
Krutant,2019,81110386
Kshanbhar Vishranti,2010,80201606
Kucch To Hai,2003,70007056
Kuchh Bheege Alfaaz,2018,81018240
Küçük Esnaf,2016,80227114
Kung Fu Hustle,2004,70020728
Kung Fu Magoo,2010,70124268
Kung Fu Panda: Holiday,2010,70253397
Kung Fu Panda: Secrets of the Scroll,2016,80101096
Kung Fu Yoga,2017,80170301
Kuntilanak,2018,81021082
Kuppivala,2017,80998563
Kurbaan,2009,70123121
Kya Kehna,2000,60002111
Kyaa Kool Hai Hum,2005,70035357
Kyaa Kool Hain Hum 3,2016,80108481
Kyo Kii... Main Jhuth Nahin Bolta,2001,60021906
Kyun! Ho Gaya Na,2004,70012334
La Coppia dei Campioni,2016,80152155
La hora final,2017,80991026
La Leyenda del Diamante,2017,81091378
La Pena Maxima,2018,80238434
La Última Fiesta,2016,80156767
Laal Rang,2016,80106947
Laatu,2018,81096151
Laddaland,2011,70241607
Ladies First,2018,80219143
Ladronas de almas,2015,80992111
Lady in the Water,2006,70044688
Lady J,2019,81024044
Lady-Like,2018,81041182
Laerte-se,2017,80142223
Lagaan,2001,60020906
Laggies,2014,70299859
Lal Patthar,1971,80158481
Lalbaug Parel: Zali Mumbai Sonyachi,2010,80201608
Lang Tong,2015,81036535
Last Breath,2019,80215139
Last Knights,2015,80014727
Last Night,2010,70117299
Last Stop: Kurtulus,2012,80134520
Late Life: The Chien-Ming Wang Story,2018,81024308
Lavender,2016,80125512
Layer Cake,2004,70020730
Layla M.,2016,80144454
Le K Benzema,2017,80241876
Le serment des Hitler,2014,80197303
Lechmi,2017,80998564
Left Behind,2014,80013773
Legend of the Naga Pearls,2017,80201200
Legendary,2013,70302856
Legendary Weapons of China,1982,70059191
LEGENDS OF THE HIDDEN TEMPLE,2016,80160987
Legion,2010,70117305
Lego DC Comics: Batman Be-Leaguered,2014,80065492
LEGO House - Home of the Brick,2018,81002885
LEGO Jurassic World: The Indominus Escape,2016,80141858
LEGO Marvel Super Heroes: Avengers Reassembled!,2015,80165221
LEGO Marvel Super Heroes: Black Panther,2018,81048914
LEGO Marvel Super Heroes: Guardians of the Galaxy,2017,81048916
LEGO Ninjago: Masters of Spinjitzu: Day of the Departed,2016,81048910
LEGO: Marvel Super Heroes: Maximum Overload,2013,70295415
Lens,2015,80158920
Leo the Lion,2013,70271592
"Les Bleus - Une autre histoire de France, 1996-2016",2016,80164075
Let Her Cry,2016,80135075
Let There Be Light,1946,80119187
Letters from Prague,2016,81016321
Lez Bomb,2018,81034763
Liar's Dice,2013,70299811
"Liar, Liar, Vampire",2015,81215439
Life After Beth,2014,70299270
Life in a ... Metro,2007,70071832
Life in the Blue,2016,80156926
Life in the Doghouse,2018,81077795
Life of An Outcast,2018,81051693
Lifechanger,2018,81087094
Lifeline,1997,11546798
Lights from the East: I Am Maluku,2014,81016323
Like Water for Chocolate,1992,701346
Lilli,2018,81045765
Limitless,2017,81191254
Lincoln,2012,70251896
Line Walker,2016,80135353
Lion's Heart,2013,81035855
Lionheart,2019,81030789
Little Baby Bum: Go Buster,2019,81179400
Little Boxes,2016,80107736
Little Dragon Maiden,1983,80997864
Little Evil,2017,80139506
Little Lunch: The Halloween Horror Story,2016,80241537
Little Lunch: The Nightmare Before Graduation,2016,80241616
Little Men,2016,80098203
Little Miss Sumo,2018,81110394
Little Monsters,1989,60035622
Little Singham - Rise of Kaal,2018,80995077
Little Singham Bandarpur Mein Hu Ha Hu,2019,80995079
Little Singham in London,2019,80995078
Little Singham: Kaal Ki Tabaahi,2019,80995687
Little Sister,2016,80106504
Lo más sencillo es complicarlo todo,2018,80144280
Lock,2016,80152182
"Lock, Stock and Two Smoking Barrels",1998,16944044
Locke,2013,70295189
Locked on You,2018,81132438
Locked Up,2017,80190215
Loco Love,2017,80162192
Loev,2015,80106505
Logan's Run,1976,709163
Lolita,1962,709380
Lommbock,2017,80191219
Long Time Coming: A 1955 Baseball Story,2018,81092332
Long Time Running,2017,80205085
Look for a Star,2009,70126809
"Look Out, Officer",1990,70014531
Look Who's Back,2015,80094357
Lorai: Play to Live,2015,80205314
Los Herederos,2015,80106737
Los Niños Héroes de Chapultepec,2017,80219340
Los Tigres del Norte at Folsom Prison,2019,81030342
Losing Sight of Shore,2017,80169548
Louis C.K. 2017,2017,80161109
Louis C.K.: Hilarious,2010,70129452
Louis C.K.: Live at the Comedy Store,2015,80114111
Love,2008,81033200
Love,2015,80057969
Love and Shukla,2017,81013710
Love Beats Rhymes,2016,80082014
Love for Sale,2018,81016338
Love in a Puff,2010,70142792
Love Is a Story,2015,81092767
Love Jones,1997,1150871
Love Ni Bhavai,2017,80990811
Love O2O,2016,80141156
Love Off the Cuff,2017,80188596
Love on Delivery,1994,70026792
Love Per Square Foot,2018,80227304
Love Station,2011,81035873
Love You... Love You Not,2015,81037985
"Love, Surreal and Odd",2017,81132442
Love.com,2017,80148967
Lovesong,2016,80098287
Loving Annabelle,2006,70057519
Loving is Losing,2019,80992501
Loving You,1995,80997789
"LSD: Love, Sex Aur Dhokha",2010,70149579
Lucha: Playing the Impossible,2016,80993684
Lucid Dream,2017,80158750
Luckee,2019,81123052
Lucknow Central,2017,80204433
Lucky: No Time for Love,2005,70040076
Ludo,2015,80107037
Luka Chuppi,2019,81113918
Lupin the 3rd: The Castle of Cagliostro: Special Edition,1979,70050576
Lupt,2018,81086435
Lusers,2015,80106928
Lust Stories,2018,80991033
LuTo,2015,80135138
Luv Shuv Tey Chicken Khurana,2012,70229042
M Cream,2014,80135074
Ma Chu Ka,2017,80994425
Maacher Jhol,2017,80221637
Macchli Jal Ki Rani Hai,2014,80203783
Macho,2016,80149145
Mad Ron's Prevues from Hell,1987,70141644
Mad World,2016,80150502
Madaari,2016,80123910
Madness in the Desert,2004,80229953
Madras Café,2013,70293703
Madre,2016,80161232
Magic Snowflake,2013,80046144
Magnus,2016,80118004
Mahabharat,2013,81002214
Maharaja: The Story of Ranjit Singh,2010,81035398
Mahjong Heroes,1981,80997867
Main aurr Mrs. Khanna,2009,70114589
Main Hoon Na,2004,70000196
"Main, Meri Patni Aur Woh",2005,70042756
Maine Pyar Kiya,1989,19207412
Maktub,2018,80244547
Mala Kahich Problem Nahi,2017,81035109
Malaal,2019,81177238
Malevolent,2018,80242081
Malibu Rescue,2019,80223928
Malicious,2018,80220228
Mamma Mia!,2008,70097579
Man Up,2015,80052612
Mandobasar Galpo,2017,80245519
Manglehorn,2014,80015794
Mango Dreams,2016,80239642
Manhattan Romance,2014,80060297
Manhunt,2017,80209866
Manje Bistre,2017,80187618
Manmadhudu 2,2019,81176200
Manolo: The Boy Who Made Shoes for Lizards,2017,80189955
Manoranjan,1974,80158545
Manson Family Vacation,2015,80045783
Manto,2018,81039383
Mantostaan,2017,80218784
Mantra,2017,80218783
Manu,2018,81050688
Manusangada,2017,81063743
Maps to the Stars,2014,80013474
Mara,2017,80153895
Marco Polo: One Hundred Eyes,2015,80083594
Mard Ko Dard Nahi Hota,2018,81057229
Maria,2019,80236341
Mariah Carey's Merriest Christmas,2015,80160347
Mark Gatiss: A Study in Sherlock,2016,80101903
Maroon,2016,80159668
Marriage Palace,2018,81155858
Martial Arts of Shaolin,1986,80039662
Martyrs of Marriage,2016,80239988
Marvel & ESPN Films Present: 1 of 1: Genesis,2014,80023794
Marvel Super Hero Adventures: Frost Fight!,2015,80023667
Marvel's Hulk: Where Monsters Dwell,2016,80134893
Marvel's Iron Man & Hulk: Heroes United,2013,70295085
Mary and The Witch's Flower,2018,80217130
Mary Kom,2014,80015785
Mary Poppins Returns,2018,80221446
Masaan,2015,80059331
Master,2016,80163352
Master Z: The Ip Man Legacy,2018,81071891
Match,2014,70309693
Mater,2017,80993656
Matichya Chuli,2006,80201816
Mauli,2018,81113926
Max Rose,2013,70285683
May the Devil Take You,2018,81030893
May We Chat,2014,80108234
May You Prosper,2017,81035840
Maya Memsaab,1993,70057994
Mayday Life,2019,81147910
Maza Pati Karodpati,1988,80201618
Me and the Alien,2016,80134887
Mean Dreams,2016,80117079
Mean Streets,1973,70001958
Medium,1985,81168340
Meghnadbodh Rohoshyo,2017,81025935
Mehandi Circus,2019,81177371
Melle,2017,80998568
Melvin Goes to Dinner,2003,60029032
Memoir of a Murderer,2017,80211728
Men in Black,1997,60001650
Men in Black II,2002,60023597
Menorca,2016,80163159
Merantau,2009,70118368
Mercenary,2016,80117080
Mercy,2016,80077402
Mercy Black,2019,81038545
Mere Pyare Prime Minister,2019,80237006
Meridian,2016,80141336
Merku Thodarchi Malai,2018,81045060
Merry Kissmas,2015,80114893
Merry Men: The Real Yoruba Demons,2018,81172727
Mersal,2017,81016196
Message from the King,2017,80155475
Metro,2016,80245329
Mexicanos de Bronce,2016,80232095
Mi amigo Alexis,2019,81141694
Mi Obra Maestra,2018,81023638
Mi Shivajiraje Bhosale Boltoy,2009,70128225
MI-5,2015,80081505
Michael,2011,80165853
"Michael Bolton's Big, Sexy Valentine's Day Special",2017,80151370
Michael Lost and Found,2017,80186862
Middle School: The Worst Years of My Life,2016,80105067
Milada,2017,80108149
Milk,2008,70100084
Mindhorn,2017,80157866
Mine,2016,80123777
Miniforce: New Heroes Rise,2018,81011096
Minnaminungu The Firefly,2017,80998565
Miracle,2004,60033300
Mirage,2018,80991158
Mirzya,2016,80117596
Misfit,2017,80994162
Miss J Contemplates Her Choice,2014,81036533
Miss Julie,2014,80017275
Miss Me This Christmas,2017,80205978
Miss Stevens,2016,80105358
Mission Istaanbul: Darr Ke Aagey Jeet Hai,2008,70109375
Mission: Destroy Love,2014,80163368
Mississippi Grind,2015,80038337
Moh Maya Money,2016,80176716
Mohawk,2017,80220676
Mohenjo Daro,2016,80104257
Mojave,2015,80053475
Mokalik (Mechanic),2019,81165769
Mom,2017,80201175
Moms at War,2018,81172848
Mona Lisa Smile,2003,60031284
Money Talks,1997,1179583
Money Trap,2019,81076251
Monkey Up,2016,80092781
Monopoly (The Bank Of Luck),2017,81035887
Monster Family,2017,80194610
Monster High: 13 Wishes,2013,70291094
"Monster High: Boo York, Boo York",2015,80019931
Monster High: Escape from Skull Shores,2012,80020131
Monster High: Freaky Fusion,2014,80019930
Monster High: Friday Night Frights,2013,70286028
Monster High: Fright On!,2011,80020036
"Monster High: Frights, Camera, Action!",2014,70301472
Monster High: Ghouls Rule,2012,70250369
Monster High: Great Scarrier Reef,2016,80095089
Monster High: Haunted,2015,80020132
Monster High: New Ghoul at School,2010,80208176
"Monster High: Scaris, City of Frights",2013,80004286
Monster High: Why Do Ghouls Fall in Love?,2013,70286029
Monster House,2006,70044595
Monster Island,2017,80173001
Monty Python and the Holy Grail,1975,771476
"Monty Python Live (Mostly): One Down, Five to Go",2014,80017240
Monty Python's Life of Brian,1979,699257
Moonlight,2016,80121348
Moonwalkers,2015,80046728
Moor,2015,80080145
Morris from America,2016,80097390
Morya,2011,80201605
Mostly Sunny,2016,80132961
Motor Mitraan Di,2016,81024704
Motu Patlu: King of Kings,2016,80177339
Mountain,2017,80221498
Movie 43,2013,70222860
Mowgli: Legend of the Jungle,2018,80993105
Mr. Chandramouli,2018,81026343
Mr. Gaga: A True Story of Love and Dance,2015,80104706
Mr. Pig,2016,80098284
Mr. Roosevelt,2017,80182473
Mr. Virgin,1984,80997862
Mr. Woodcock,2007,70056433
Ms. Mammy,2012,81035863
Mubarakan,2017,80204460
Much Ado About Nothing,2016,80098709
Much Loved,2015,80060037
Mucize,2015,80134420
Mudbound,2017,80175694
Mugamoodi,2012,70229047
Mujrim,1989,80156939
Mumbai Cha Raja,2012,70260514
Mumbai Delhi Mumbai,2014,80165857
Mumbai Matinee,2003,60036103
Mumbai Meri Jaan,2008,70106268
Mumbai Pune Mumbai,2010,80201607
Mumbai Pune Mumbai 2,2015,80201621
Munafik 2,2018,81049260
Mundeyan Ton Bachke Rahin,2014,80039594
Mune: Guardian of the Moon,2014,80125818
Muramba,2017,80223049
Muran,2011,70229555
Murder Party,2007,70077076
Music Teacher,2019,81033430
Mustang Island,2017,80198056
Mutiny on the Bounty,1962,60011729
Muzaffarnagar Baaqi Hai,2015,81035103
My Babysitter's a Vampire: The Movie,2010,70235768
My Beautiful Broken Brain,2016,80049951
My Big Night,2015,80092849
My Birthday Song,2018,81002211
My Brother ... Nikhil,2005,70067230
My Dog is My Guide,2013,81035860
My Entire High School Sinking Into the Sea,2016,80163053
My Ex & Whys,2017,80175332
My Ex-Ex,2015,80163191
My Friend Pinto,2011,70213515
My Fuhrer,2007,70118125
My Happy Family,2017,80171247
My Life as a Zucchini,2016,80116741
My Little Pony Equestria Girls: Forgotten Friendship,2018,81018563
My Little Pony Equestria Girls: Friendship Games,2015,80073100
My Little Pony Equestria Girls: Legend of Everfree,2016,80107372
My Little Pony Equestria Girls: Rainbow Rocks,2014,80012535
My Little Pony Equestria Girls: Rollercoaster of Friendship,2018,81018565
My Little Pony Friendship Is Magic: Best Gift Ever,2018,81018860
My Next Guest with David Letterman and Shah Rukh Khan,2019,81121023
My Only Mother,2013,70039783
My Perfect Romance,2018,80224106
"My Schoolmate, the Barbarian",2001,60027334
My Sister's Keeper,2009,70113003
My Suicide,2009,70114948
"My Teacher, My Obsession",2018,80991570
My Travel Buddy,2017,81043346
My Travel Buddy 2,2018,81132439
My True Friend,2012,80999987
My Way,2016,80148275
My Week with Marilyn,2011,70202150
My Wife and My Wifey,2014,81035850
Mystic River,2003,60031232
Mythily Veendum Varunnu,2017,80998566
Naa Bangaaru Talli,2013,81011973
Naam Shabana,2017,80177776
Naan Sigappu Manithan,2014,80190103
Nacho Libre,2006,70044883
Naga The Eternal Yogi,2016,80168052
Nails,2017,80220677
Naked,2017,80142058
Namastey London,2007,70062158
Namour,2016,80117240
Nang Nak,1999,70026431
Naomi and Ely's No Kiss List,2015,80079470
Nappily Ever After,2018,80189630
Naruto Shippuden the Movie: Blood Prison,2011,80152537
Naruto Shippûden the Movie: Bonds,2008,70105699
Naruto Shippûden the Movie: The Will of Fire,2009,80045673
Naruto Shippuden: The Movie,2007,70124999
Naruto Shippuden: The Movie: The Lost Tower,2010,70275937
Naruto the Movie 2: Legend of the Stone of Gelel,2005,70101321
Naruto the Movie 3: Guardians of the Crescent Moon Kingdom,2006,70108386
Naruto the Movie: Ninja Clash in the Land of Snow,2004,70074559
Nasha,2013,81024729
Natascha Kampusch: The Whole Story,2010,80059342
Nathicharami,2018,81057249
National Lampoon's Loaded Weapon 1,1993,22497725
National Treasure,2004,70011206
Natsamrat,2016,80998558
Natural Selection,2015,80114915
Naughty Jatts,2013,80032477
Nazi Concentration Camps,1945,80119192
Needhi Singh,2016,81024711
Neevevaro,2018,81045069
Neruda,2016,80108952
New Money,2018,81172723
Newness,2017,80172958
Next Enti?,2018,81062853
Next Gen,2018,80988892
Nibunan,2017,80206732
Night Fare,2015,80196367
Night Moves,2013,70293788
Nights in Rodanthe,2008,70098899
Nila,2016,80165917
Ninja Assassin,2009,70101697
Niyazi Gül Dörtnala,2015,80134501
Njan Prakashan,2018,81093925
No Entry,2005,80223230
No estoy loca,2018,80241666
No One Killed Jessica,2011,70139076
No One Will Ever Know,2017,80208295
No Other Woman,2011,81010871
No Reservations,2007,70058017
Noblemen,2019,81177367
Norm of the North: Keys to the Kingdom,2019,81065331
Norm of the North: King Sized Adventure,2019,81145628
North Star,1996,70115036
Notes on Blindness,2016,80098842
Nothing to Hide,2018,81004099
Nothing to Lose,2018,80186829
NOVA: Bird Brain,2017,81121171
Nova: Ultimate Mars Challenge,2012,70265211
Nowhere Boy,2009,70124562
Numbered,2012,80208084
Numero Zero: The Roots of Italian Rap,2015,80992231
Nymphomaniac: Volume 1,2013,70297799
Nymphomaniac: Volume II,2013,70298926
O Silêncio do Céu,2016,80148920
O21,2014,80216269
Oasis: Supersonic,2016,80151663
Obvious Child,2014,70301275
Ocean's Eleven,1960,60021590
Ocean's Thirteen,2007,70058024
Ocean's Twelve,2004,70011211
Océans,2009,70118953
Oddbods: Party Monsters,2018,81031037
Oddbods: The Festive Menace,2018,81031038
Odu Raja Odu,2018,81035104
Off Course,2015,80114419
Offline – Das Leben ist kein Bonuslevel,2016,80162197
Oh Darling Yeh Hai India,1995,80156937
Oh My Ghost,2009,81000015
Oh My Ghost 2,2011,80999982
Oh My Ghost 3,2012,80999983
Oh My Ghost 4,2015,80999984
Oh My God,2012,70258366
Oh! Baby,2019,81093951
Oh! Baby (Malayalam),2019,81186758
Oh! Baby (Tamil),2019,81186757
"Oh, Ramona!",2019,81092909
Old Lord Savanna,2018,81038976
Old Thieves: The Legend of Artegio,2007,81170692
Olmo & the Seagull,2014,81137482
Om Shanti Om,2007,70083535
Omar and Salma 3,2012,81035862
On Body and Soul,2017,80177414
On My Skin,2018,81001000
On the Wrong Track,1983,80997865
Onaatah,2016,80990810
Once a Gangster,2010,80127645
Once Again,2018,81014988
Once Upon a Time in Mumbaai,2010,70153178
Once Upon a Time in Mumbai Dobaara!,2013,70289558
One by Two,2014,80165732
One Day,2016,81016045
One Day,2011,70184051
One Heart: The A.R. Rahman Concert Film,2017,80216270
One in a Billion,2016,80142615
One Night Stand,2016,80201823
Only God Forgives,2013,70253596
Only the Dead,2015,80075824
Open Season,2006,70043308
Opening Night,2016,80114501
Operações Especiais,2015,80071048
Operation Chromite,2016,80116307
Operation Mekong,2016,80142222
Operation Red Sea,2018,80239961
Operator,2016,80106438
Opium and the Kung Fu Master,1984,70111922
Orbiter 9,2017,80222823
Organize Isler,2005,80038443
Osmosis,2019,80189898
Oye Lucky! Lucky Oye!,2008,70109758
P.S. I Love You,2007,70077546
Pacificum: El retorno al océano,2017,80991025
Pad Man,2018,81016191
Paddleton,2019,80224060
Paheli,2005,70039405
Pahuna,2018,81045052
Paid in Full,2002,60023638
Painted Faces,1988,80997859
Palio,2015,80052790
Palm Trees in the Snow,2015,80093103
Pandigai,2017,80202078
Pandora,2016,80158577
Panic Room,2002,60022700
Pants on Fire,2014,80057137
Papa the Great,2000,60002808
Paper Year,2018,80207606
Paradise Lost,2018,81011955
Paradox,2018,80242378
Paranormal Investigation,2018,81045720
Parchís: the Documentary,2019,81036520
Pardes,1997,80059049
Pareeth Pandaari,2017,80994426
Pari,2018,81047446
Paris Is Burning,1990,60036691
Paris Is Us,2019,81027190
Parmanu: The Story of Pokhran,2018,81005453
Paskal,2018,81031178
Patiala House,2011,70176967
Patria,2019,80988257
Patron Mutlu Son Istiyor,2014,80134399
Paulettante Veedu,2016,80994574
Paying Guests,2009,70125939
Peace Haven,2016,81025908
Pedal the World,2015,80245626
Pee Mak,2013,80102950
Pee-wee's Big Holiday,2016,80031800
Pee-wee's Playhouse: Christmas Special,1988,80023921
Peepli Live,2010,70129396
Pegasus,2019,81111849
Pek Yakında,2014,80231065
Pekak,2016,80163366
Penelope,2006,70063591
People You May Know,2017,80214583
People You May Know,2016,80103313
Perdida,2018,80245357
Perfect Stranger,2007,70058019
Personal Shopper,2016,80106984
Perú: Tesoro escondido,2017,80217495
Peter Rabbit,2018,80201039
Pettersson and Findus 2,2016,80157797
Phantom,2015,70303495
Phantom Boy,2015,80063290
Pheka Pheki,1989,80201812
Philadelphia,1993,855084
Phir Bhi Dil Hai Hindustani,2000,60000722
Phir Se,2015,80228321
Phobia 2,2009,70142798
Phone Swap,2012,81165771
Pickpockets,2017,80133153
Pierre Jackson,2018,81145270
Pihu,2018,81113927
Pimpal,2017,81035108
Pink,2016,80144448
Pinky Memsaab,2018,81052280
Pitaah,2002,60032008
Pizza,2014,70303429
"Pizza, Beer, & Smokes",1998,70041893
PK,2014,70303496
Planet 51,2009,70109891
Planetarium,2016,80131236
Players,2012,70229498
Playing Hard,2018,81083880
Pocoyo & Cars,2015,80235766
Pocoyo & The Space Circus,2008,80235767
Pocoyo Carnival,2015,80235853
Pocoyo Halloween: Space Halloween,2015,80236099
Pocoyo Halloween: Spooky Movies,2014,80235854
Point Blank,2019,80221677
Pokémon the Movie: I Choose You!,2017,81046846
Polar,2019,80223052
Pooja Kiven Aa,2013,80084768
Popat,2013,80201620
Pope Francis: A Man of His Word,2018,80244855
Porto,2016,80180225
Poseidon,2006,70044697
Postcards from London,2018,81024494
Poster Boys,2017,80219019
Pottersville,2017,80217545
Power Paandi,2017,80187471
"Power Rangers Samurai: Christmas Together, Friends Forever (Christmas Special)",2011,70221570
Power Rangers Samurai: Clash of the Red Rangers,2011,70221571
Power Rangers Samurai: Party Monsters (Halloween Special),2011,70221569
Power Rangers Super Megaforce: The Legendary Battle (Extended),2014,80092837
Power Rangers Super Samurai: Stuck on Christmas,2012,70242898
Power Rangers Super Samurai: Trickster Treat,2012,70242897
Power Rangers: Megaforce: Raising Spirits,2013,70242900
Power Rangers: Megaforce: The Robo Knight Before Christmas,2013,70242899
Prague,2013,80201828
Prelude to War,1942,60027945
Premachi Goshta,2013,80201609
Premasathi Vattel Te,1987,80201811
Prince,1969,80158546
Prince,2010,70134539
Prince Charming,1984,80997863
Prince of Peoria: A Christmas Moose Miracle,2018,81018634
Princess Cyd,2017,80201497
Private Life,2018,80168222
Professor,1962,20257393
Professor Mack,2018,81145273
Psychokinesis,2018,80226424
Pukar,2000,60037397
Pulang,2018,81020161
Pulp Fiction,1994,880640
Punjab 1984,2014,80032364
Pup Star,2016,80092857
Pup Star: Better 2Gether,2017,80189954
Pup Star: World Tour,2018,80189866
Puppy Star Christmas,2018,80989043
Puriyatha Puthir,2017,81052279
Puss in Book: Trapped in an Epic Tale,2017,80151644
Pyaar Ka Punchnama,2011,80165854
Pyaar Ka Punchnama 2,2015,80083589
Pyaar Ke Side Effects,2006,70056686
Pyar Ke Do Pal,1986,80156940
Q,2014,80161850
Qarib Qarib Singlle,2017,81016192
Qila,1998,80156936
Queen,2014,80032081
Queen of the Desert,2015,70295170
Quién te cantará,2018,80109296
Quiet Victory: The Charlie Wedemeyer Story,1988,70206819
R.L. Stine's Mostly Ghostly,2008,70105338
Raajneeti,2010,70123124
Race,2008,70096752
Race 2,2013,70229046
Race to Witch Mountain,2009,70105369
Rachel Getting Married,2008,70105368
Radical: the Controversial Saga of Dada Figueiredo,2013,80164207
Radio Rebel,2012,70236016
Radiopetti,2015,80147318
Raees,2017,80164778
Raging Bull,1980,70020699
Ragini MMS,2011,80083930
Ragini MMS 2,2014,80083752
Rahasya,2015,80223228
Railroad Tigers,2016,80138469
Rain Man,1988,60029369
Rainbow Jelly,2018,81086641
Rainbow Time,2016,80104240
Raising the Bar,2016,80187107
Raja Hindustani,1996,17457962
Raja Natwarlal,2014,70303431
Rajma Chawal,2018,81018377
Rajwade & Sons,2015,80201613
Rakkhosh,2019,81131274
Ralph Breaks the Internet: Wreck-It Ralph 2,2018,80221640
Ram Jaane,1995,24081514
Ramen Shop,2018,81039161
Rampage: President Down,2016,80038358
Rampant,2018,81034931
Ranbhool,2010,80238298
Rang De Basanti,2006,70047320
Rang Rasiya,2008,80084666
Rangoon,2017,80176342
Rangreza,2017,81014824
Rattlesnake,2019,81018455
Ravenous,2017,80218656
Reaction,2011,81035876
Ready,2011,70198040
Ready to Mingle,2019,81094801
Rebel Without a Cause,1955,70031792
Red Christmas,2016,80205065
Red Oleanders Raktokarobi,2017,81018237
Red Trees,2017,80206758
Regatta,2015,81035845
Rehmataan,2012,81024717
Rembat,2015,80163265
Results,2015,80038442
Resurface,2017,80184055
Retribution,2015,80093127
Return to the 36th Chamber,1980,70130432
Revelations,2016,70155788
Revenge of the Green Dragons,2014,80017280
Revenge of the Pontianak,2019,81075461
Revenger,2018,81000511
Revolutionary Road,2008,70100383
Rezeta,2012,70301620
Right Here Right Now,2018,80998296
Righteous Kill,2008,70098605
Rim of the World,2019,80218306
Ringan,2015,80990814
Rip Tide,2017,80222177
Riphagen - The Untouchable,2016,80106138
Rise of the Zombie,2013,80203784
Rise: Ini Kalilah,2018,81047510
Rivaaz,2011,80203786
River's Edge,2018,81033516
"River, el más grande siempre",2019,80223153
Road to Yesterday,2015,80105672
Roberto Saviano: Writing Under Police Protection,2016,80245268
Robin Hood: The Rebellion,2018,81017593
Rocco,2016,80160358
Rock My Heart,2019,81051688
Rocko's Modern Life: Static Cling,2019,81091977
Rocky,1976,915927
Rocky Handsome,2016,80103428
Rocky II,1979,916043
Rocky III,1982,60010836
Rocky IV,1985,916061
Rocky V,1990,60025674
Rodeo & Juliet,2015,80114894
Roh's Beauty,2014,81035851
Roll With Me,2017,81024500
ROMA,2018,80240715
Romantik Komedi,2010,80134438
Romantik Komedi 2: Bekarlığa Veda,2013,80134435
Romeo Akbar Walter,2019,81039384
Romina,2018,80991827
Room,2015,80073823
Room for Rent,2017,81069249
Room on the Broom,2012,80005738
Roots,2016,80216268
Rosemary's Baby,1968,60002403
Rounders,1998,17236920
Rowdy Rathore,2012,70229043
Rubaru Roshni,2019,81108230
Rudy Habibie,2016,81047900
Rugrats in Paris: The Movie,2000,60003540
Rukh,2017,80245518
Rumble,2016,80192015
Rumble in the Bronx,1995,923574
Rumor Has It...,2005,70039168
Run,2004,70001082
Running for Grace,2018,81017094
Running Shaadi,2017,80175333
Russell Madness,2015,80028359
Rustom,2016,80125627
S Is for Stanley,2016,80172284
S Storm,2016,80144152
Saadey CM Saab,2015,80084767
Saavat,2019,81155802
Saawan,2016,81160036
Sabrina,2018,81021831
Sacro GRA,2013,70293820
Sad Hill Unearthed,2017,80988832
Sadece Sen,2014,80134519
Sadie's Last Days on Earth,2016,80163054
Saeed Mirza: The Leftist Sufi,2016,80182105
Sahara,2017,80161029
Saheb Bibi Golaam,2016,80152741
Saint Seiya,1986,70267476
Sairat,2016,80124313
Sakhi,2007,70116577
Salaakhen,1975,80158479
Salem: His Sister's Father,2014,81035849
Samantaral,2017,81018238
Samarppanam,2017,80238291
Sameer Abu Alneel,2013,81035858
Samudri Lootere,2018,81092780
San Pietro,1945,80119188
Sanai Choughade,2008,70116578
Sand Castle,2017,80118916
Sand Storm,2016,80098810
Sandook,2015,80201819
Sanju,2018,81020508
Santa Claws,2014,80016471
Santa Girl,2019,81152930
Santa Pac's Merry Berry Day,2016,80006168
Santa's Apprentice,2010,80046145
Santo Cachón,2018,80992500
Sara's Notebook,2018,80202903
Sarah's Key,2010,70153543
Sarajevo,2014,80141338
Sardaar ji,2015,80203787
Sardaarji 2,2016,80115858
Sarivar Sari,2005,70121660
Sarkar (Tamil),2018,81072516
Sarkar (Telugu),2018,81075235
Sarvam Thaala Mayam,2018,81083971
Sarvam Thaala Mayam (Telugu Version),2018,81074135
Sarvopari Palakkaran,2017,80994420
Sat Shri Akaal England,2017,81024701
Sat Sri Akal,2008,70113347
Satrangi Re,2012,80238400
Satyagraha,2013,70254351
Savage Dog,2017,80156684
Savage Raghda,2018,81035889
Savita Damodar Paranjpe,2018,81035107
Schindler's List,1993,60036359
Schubert in Love,2016,80158247
Scott Pilgrim vs. the World,2010,70117312
Scream 2,1997,1181550
Scream 3,2000,60000415
Screwball,2018,81047680
SDU: Sex Duties Unit,2013,81030200
Second Best,1994,70064125
Secret,2007,70205125
Secret Superstar,2017,80245408
Secrets in the Hot Spring,2018,81034612
Secrets of Althorp - The Spencers,2013,80003150
Secrets of Chatsworth,2013,80003151
Secrets of Henry VIII's Palace: Hampton Court,2013,80003152
Secrets of Her Majesty's Secret Service,2014,80012477
Secrets of Highclere Castle,2013,80003153
Secrets of Underground London,2014,70309257
Secrets of Westminster,2014,80012520
Semana Santa,2015,80081958
Sen Kimsin?,2012,80134434
Senna,2010,70170051
Seoul Searching,2015,80106230
September,2017,80229829
Set It Up,2018,80184100
Set Off,2008,81030197
Settai,2013,70275076
Seven in Heaven,2018,81017724
Seven Pounds,2008,70104313
Seven Sundays,2017,81010870
Seventeen,2019,80990336
Sex Doll,2016,80171125
"Sex, Shame and Tears",1999,70003680
Shabd,2005,70027133
Shahanpan Dega Deva,2011,80202908
Shaitan,2011,80165855
Shakti: The Power,2002,60035875
Shame To Shame,1991,80202906
Shanghai,2012,70244982
Shanghai Fortress,2019,81161230
Shararat,2002,70065769
Shark Busters,2002,70033579
Shark Night,2011,70178618
Shaurya: It Takes Courage to Make Right... Right,2008,70099702
She's Dating the Gangster,2014,80011541
She's Gotta Have It,1986,60034929
Shéhérazade,2019,81012340
Shejari Shejari,1990,80202085
Shelter,2010,70132228
Shepherds and Butchers,2016,80117684
Sherlock Holmes,2009,70110558
Shikari,1991,80156938
Shikshanachya Aaicha Gho,2010,80201616
Shimmer Lake,2017,80103734
Shonar Pahar,2018,81071868
Shootout at Lokhandwala,2007,70073018
Shopkins: Chef Club,2016,81028556
Shopkins: Wild,2018,81028574
Shopkins: World Vacation,2017,81028560
Shor In the City,2011,70185023
Shorgul,2016,80207446
Short Term 12,2013,70272893
Shorts,2009,70112731
Shrek the Musical,2013,70253398
Shubh Aarambh,2017,80238637
Shuddhi,2017,80188777
Shukranallah,2016,80134888
Shutter,2004,70062814
Si saben cómo me pongo ¿pa' qué me invitan?,2018,80992499
Sicilian Ghost Story,2017,81039323
Siddhant,2014,80207447
Sierra Burgess Is a Loser,2018,80239639
Sigaram Thodu,2014,80189997
Silencer,2018,81012943
Silent,2014,70304298
Singapore,1960,80158547
Singh Saab the Great,2013,70298393
Single,2015,81002864
Sinister 2,2015,80043834
Sinister Circle,2017,81043753
Sister Code,2015,80046696
Sisterakas,2012,81010867
Skins,2017,80100054
Sky on Fire,2016,80156927
Skydancers,2014,80994807
Slam,2017,80160081
Sleeping with Other People,2015,80039069
Sling Blade,1996,973861
Slow West,2015,80029901
Smart People,2008,70084221
Smash: Motorized Mayhem,2017,80128688
Smoke & Mirrors,2016,80121843
Snowpiercer,2013,70270364
Socha Na Tha,2005,70034610
Soekarno,2013,80020885
Sohni Mahiwal,1984,80157134
Solo,2018,80245041
Solo (Tamil version),2017,80238293
Solo Con Tu Pareja,1991,70055221
Solo: A Star Wars Story,2018,80220814
Solo: A Star Wars Story (Spanish Version),2018,81046962
Solomon Kane,2009,70120167
Some Freaks,2017,80175314
Some Kind of Beautiful,2014,80063709
Someone Great,2019,80202920
Something Huge,2017,80132381
Something's Gotta Give,2003,60031278
Sometimes,2016,80228322
Son of a Gun,2014,80027378
Soni,2018,81023713
Sons of Ben,2016,80132410
Soorma,2018,81019031
Sorry Angel,2018,81011936
Soul to Keep,2019,81130297
Spanish Affair 2,2015,80093212
Sparkle,1976,70058796
Sparring,2017,81005314
Special 26,2013,70273637
Spectral,2016,80098200
Speech & Debate,2017,80170277
SPF-18,2017,80192097
Spider-Man 3,2007,70047101
Spivak,2017,80117736
Splatter,2009,70127998
Spookley the Square Pumpkin,2004,81141689
Spring Breakers,2012,70257860
Springsteen on Broadway,2018,80232329
Spy Kids,2001,60020916
Spy Kids 2: The Island of Lost Dreams,2002,60023618
Spy Kids 3: Game Over,2003,60029178
Spy Kids: All the Time in the World,2011,70176656
Spy Time,2015,80093213
Spyder,2017,81016194
St. Agatha,2018,81065902
Standing Tall,2016,80144691
Standing Tall,2015,80058426
Star Wars: Episode VIII: The Last Jedi,2017,80192018
Starred Up,2013,70292992
Starsky & Hutch,2004,60033320
Starting Over Again,2014,81010865
Stealing History,2006,80114700
Steel Rain,2018,80226234
Step Outside,2018,81035882
Stereo,2014,80015154
Sthaniya Sambaad,2010,80239738
Still,2010,80999985
Stonehearst Asylum,2014,70304988
Stop at Nothing: The Lance Armstrong Story,2014,80007215
Story of an Egg,2017,80206827
Strange Voices,1987,70206822
Strange Weather,2016,80173479
Stree,2018,81113921
Street Flow,2019,81034012
Stretch Armstrong: The Breakout,2018,80135585
Strike a Pose,2016,80118918
Stripes,1981,1008581
Stronger Than the World,2016,80147513
Suburra,2015,80075009
Suckseed,2011,80158839
Sudani from Nigeria,2018,81013200
Suicide (Hitabdut),2014,80106139
Suite Française,2014,80042309
Sukhi Sansarachi 12 Sutre,1995,80202909
Sumbaran,2009,80201617
Summer of '92,2015,80106989
Sun Dogs,2017,80226962
Sunday's Illness,2017,80131280
Sunrise,2014,80092884
Super Bheem Bana Vajraveer,2018,81092783
Super Buddies,2013,70283770
Super Dark Times,2017,80184135
Super Deluxe,2019,81128584
Super Monsters and the Wish Star,2018,80999067
Super Monsters Back to School,2019,81006335
Super Monsters Furever Friends,2019,80999069
Super Monsters Save Halloween,2018,80999063
Super Monsters: Vida's First Halloween,2019,81021243
Super Nani,2014,80023851
Superbad,2007,70058023
Superfly,1972,60033247
Superlopez,2018,80202809
Sur Sapata,2019,81093342
Sur: The Melody of Life,2002,81067761
Surf's Up,2007,70058025
Surga Yang Tak Dirindukan,2015,81047899
Surga Yang Tak Dirindukan 2,2017,81047901
Surviving on the Margin,2018,81043190
Susanne Bartsch: On Top,2017,81009829
Suzzanna: Buried Alive,2018,81062674
Svaha: The Sixth Finger,2019,81010699
Swades,2004,70019491
Swearnet Live,2014,70304187
Swearnet: The Movie,2014,70304191
Swiss Army Man,2016,80097389
Sword Master,2016,80114989
Sword Masters: Two Champions of Shaolin,1980,70100527
Sylvanian Families: A Town of Dreams,2017,81020543
Sylvanian Families: The Treasure of Sylvania Village,2017,81020544
Taal,1999,60001670
Taare Zameen Par,2007,70087087
Tahaan,2008,70171835
Take Me,2017,80117747
Takers,2010,70117294
Tales From the Hood 2,2018,81015317
Tall Girl,2019,81002412
Tallulah,2016,80093198
Tamanchey,2014,80202090
Tamasha,2015,80087743
Tango Feroz,1993,81005401
Tanu Weds Manu,2011,70176968
Taramani,2017,81052277
Target,2018,81021832
Tarzan,1999,26009364
Tarzan 2,2005,70026432
Tattah,2013,81035856
Tatu,2017,81172909
TAU,2018,80217569
Taxi Driver,1976,18907685
Tayo the Little Bus Movie: Mission Ace,2016,81113468
TE3N,2016,80113673
Team Foxcatcher,2016,80044093
Tears of the Sun,2003,60026139
Teefa in Trouble,2018,81036338
Teen Patti,2010,70134669
Teen Thay Bhai,2011,80207448
Teenage Cocktail,2016,80106440
Teenage Mutant Ninja Turtles,2007,70056441
Tees Maar Khan,2010,70139078
Tellur Aliens,2016,80135563
Temple,2017,80164930
Ten Years,2015,81012294
Tere Naal Love Ho Gaya,2012,70229041
Terra,2015,80102305
Terrifier,2017,81004223
Teshan,2016,80203790
Tezz,2012,70236586
Thaandavam,2012,70229048
Thank You,2011,70187503
That Thing Called Tadhana,2015,81010874
The 101-Year-Old Man Who Skipped Out on the Bill and Disappeared,2016,80106337
The 3rd Eye,2018,81016750
The 3rd Eye 2,2019,81088277
The 4th Company,2016,80161104
The Accountant of Auschwitz,2018,81017506
The Adventure Club,2016,80161108
The Aerial,2007,70084328
The African Doctor,2016,80123740
The Age of Shadows,2016,80139199
The Amazing Praybeyt Benjamin,2014,81010863
The Angel,2018,80188120
The Ant's Scream,2010,81035874
The Apostate,2015,80082660
The Arbitration,2016,80208830
The Art of Loving,2017,80237300
The Art of the Steal,2013,70253594
The Autopsy of Jane Doe,2016,80022613
The Aviator,2004,70011213
The Awakening of Motti Wolkenbruch,2018,81110383
The Babysitter,2017,80164456
The Bachelors,2017,80198735
The Bad Batch,2016,80099204
The Ballad of Buster Scruggs,2018,80200267
The Bar,2017,80103311
The Bare-Footed Kid,1993,80997857
The Basement,2018,81026677
The Battered Bastards of Baseball,2014,70299904
The Battle of Midway,1942,60027942
The Beast Stalker,2008,70117354
The Birth Reborn,2013,80995575
The Birth Reborn 2,2018,80995576
The Birth Reborn 3,2018,80995577
The Bittersweet,2017,80174727
The Black Prince,2017,80191963
The Black Room,2016,80184868
The Bleeder,2016,80145533
The Blind Christ,2016,80167646
The Bling Lagosians,2019,81191666
The Blue Umbrella,2005,70075775
The Boss's Daughter,2015,80160357
The Bounty Hunter,2010,70128696
The Boy in the Striped Pajamas,2008,70101375
The Boy Who Cried Werewolf,2010,70292700
The Boy Who Harnessed the Wind,2019,80200047
The Brawler,2019,81061407
The Breadwinner,2017,80217121
The Break-Up,2006,70042688
The Breaker Upperers,2018,80992672
The Breakup Playlist,2015,80065327
The Bridge,2017,81165786
The Bros,2017,80226233
The Brothers Grimm,2005,70021661
The Bulbul's Nest,2013,81035857
The Bund,1983,80997866
The Burial of Kojo,2018,81044496
The Butterfly's Dream,2013,70299745
The Bye Bye Man,2017,80103336
The Cakemaker,2017,80988989
The Captive,2014,80013547
The Carter Effect,2017,80223149
The Cell,2017,81035883
The Charnel House,2016,80157760
The Chase,2017,80226357
The Chord,2010,81035875
The Chosen,2016,80171982
The Chosen Ones,2015,80059440
The Christmas Chronicles,2018,80199682
The Christmas Project,2016,80156772
The Cincinnati Kid,1965,70031779
The Clapper,2017,80179373
The Climb,2017,80194671
The Command,2018,81034575
The Company Men,2010,70124965
The Competition,2018,80225024
The Confirmation,2016,80094258
The Congress,2013,70285728
The Conjuring,2013,70251894
The Consul's Son,2011,81035878
The Crew,2015,80196044
The Croods,2013,70143241
The Crow,1994,408911
The Cruise,1970,81168342
The Crystal Calls Making the Dark Crystal: Age of Resistance,2019,80238013
The Damned Rain,2009,80201813
The Dancer,2011,70266069
The Dark Crystal,1982,419733
The Darkest Dawn,2016,80231601
The Daughter,2015,80081278
The Dawn Wall,2017,81004270
The Death and Life of Marsha P. Johnson,2017,80189623
The Desert Bride,2017,80236993
The Details,2011,70138624
The Devil and Father Amorth,2017,80204616
The Devil's Mistress,2016,80157564
The Diabolical,2015,80041339
The Discovery,2017,80115857
The Distinguished Citizen,2016,80141891
The Doll,2016,81044856
The Doll 2,2017,81044857
The Dreamer,2009,81016330
The Drug King,2018,80236133
The Duchess,2008,70099610
The Edge of Democracy,2019,80190535
The Eichmann Show,2015,80042182
The End of Evangelion,1997,60024788
The End of the Tour,2015,80037478
The Endless,2017,80190449
The Exception,2016,80155932
The Eyes of My Mother,2016,80098839
The Fear of 13,2015,80099305
The Feels,2018,80222256
The Fighter,2010,70113534
The Film from Dylan Haegens,2018,81026329
The First Line,2014,80119815
The Five Venoms,1978,60001377
The Flintstones,1994,510854
The Flintstones in Viva Rock Vegas,2000,60000921
The Flying Guillotine,1975,80999107
The Forbidden Kingdom,2008,70084795
The Forest of Love,2019,81133621
The Forgotten,2014,80162143
The Free Man,2016,80162195
The Fundamentals of Caring,2016,80097349
The Fury of a Patient Man,2016,80167461
The Game,1997,1178866
The Game Changers,2018,81157840
The Gathering,2003,70035037
The Gentleman Driver,2018,81016360
The Giant,2017,80122177
The Girl Allergic to Wi-Fi,2018,81144912
The Girl from the Song,2016,80103512
The Golem,2018,81075239
The Good Catholic,2017,80193614
The Good Neighbor,2016,80104103
The Grandmaster,2013,70270775
The Great Battle,2018,81031306
The Great Raid,2005,60033312
The Guardian Brothers,2016,80177834
The Guernsey Literary and Potato Peel Pie Society,2018,80223371
The Hatred,2017,80194612
The Haunting of Molly Hartley,2008,70105130
The Heretics,2017,81173255
The Heroes of Evil,2015,80103623
The Heyday of the Insensitive Bastards,2017,80213299
The Holiday Calendar,2018,80242446
The Holy Man,2005,80999989
The House Next Door,2017,80233024
The House of Flowers Presents: The Funeral,2019,81030409
The Human Factor: The Untold Story of the Bombay Film Orchestras,2013,80171439
The Hundred-Foot Journey,2014,70307659
The Hurricane Heist,2018,80215923
The Hurt Business,2016,80152745
The In-Laws,2003,60027701
The Incident,2014,80160814
The Incredible Jessica James,2017,80171022
The Incredible Story of the Giant Pear,2018,81016361
The Incredibles 2,2018,80221639
The Influence,2019,81038598
The Informant!,2009,70105371
The Innocents,2016,80098103
The Intent,2016,80178078
The Intent 2: The Come Up,2018,81069254
The Interview,1998,60000545
The Invisible Guardian,2017,80173176
The Invisible Guest,2016,80093106
The Invitation,2015,80048977
The Iron Lady,2011,70189282
The Jack King Affair,2015,80208083
The Jane Austen Book Club,2007,70074299
The Journey,2016,80145737
The Jungle School,2013,81016324
The Karate Kid,2010,70125931
The Killer,2017,80127990
The Kindergarten Teacher,2018,80240972
The King,2019,80182016
The King's Speech,2010,70135893
The Kissing Booth,2018,80143556
The Lake House,2006,70043303
The Land of Cards,2012,80107219
The Land of Steady Habits,2018,80164779
The Land of the Enlightened,2016,80097375
The Last Boy Scout,1991,684847
The Last Days of Chez Nous,1992,80025702
The Last Exorcism,2010,70136074
The Last Hangover,2018,81020973
The Last Runway,2018,81055395
The Last Shaman,2016,80121855
The Last Summer,2019,80999729
The Last Whistle,2019,81123469
The Laws of Thermodynamics,2018,80114719
The Legend of Drunken Master,1994,60003387
The Legend of Michael Mishra,2016,80207445
The Lighthouse of the Orcas,2016,80105690
The Lion Woman,2016,80106036
The Little Hours,2017,80171023
The Little Mermaid,2018,80166319
The Little Prince,2016,80057578
The Little Switzerland,2019,80235578
The Lives of Others,2006,70056425
The Lobster,2015,80058480
The Lodgers,2017,80224150
The Lonely Island Presents: The Unauthorized Bash Brothers Experience,2019,81036190
The Longshots,2008,70099120
The Look of Silence,2014,80016401
The Lost Brother,2017,80168028
The Love Affair,2015,80075018
The Lovers,2015,80038446
The Lovers and the Despot,2016,80097376
The lynx,1982,81168343
The Mad Monk,1993,80997793
The Man Who Knew Too Little,1997,1191648
The Man Without Gravity,2019,81150305
The Mansion,2017,80992365
The Mars Generation,2017,80117263
The Massively Mixed-Up Middle School Mystery,2015,81214214
The Matrix Reloaded,2003,60027695
The Matrix Revolutions,2003,60031303
The Maus,2017,80109341
The Mayor,2017,80187061
The Memory of Water,2015,80157565
The Memphis Belle: A Story of a Flying Fortress,1944,80119194
The Meyerowitz Stories (New and Selected),2017,80174434
The Midas Touch,2013,81036524
The Milk System,2017,80234791
The Mistress,2012,81010872
The Model,2016,80105691
The Monster,2016,80150242
The Monster of Mangatiti,2015,80085567
The Most Assassinated Woman in the World,2018,80159586
The Motive,2017,80173606
The Music of Silence,2017,80206917
The Negro Soldier,1944,80119191
The New Romantic,2018,81009808
The Next Skin,2016,80173605
The Night Comes for Us,2018,80148162
The NSU-Complex,2016,80136332
The Nutcracker and the Four Realms,2018,80221447
The Oath,2016,80156405
The One I Love,2014,70299863
The Only Mother To You All,2008,70123648
The Open House,2018,80198661
The Other Side of the Wind,2018,80085566
The Outsider,2019,81131761
The Pass,2016,80195885
The Pelican Brief,1993,848915
The Perfect Date,2019,81019888
The Perfect Day,2018,80999945
The Perfect Dictatorship,2014,80032640
The Perfection,2019,80211638
The Phantom of the Opera,2004,70011219
The Photographer Of Mauthausen,2018,80191608
The Physician,2013,80014996
The Pink Panther,2006,70021654
The Pirate Fairy,2014,70302844
The Place Beyond the Pines,2012,70241757
The Plan,2015,80238294
The Player,2012,81035866
The Polka King,2018,80173395
The President's Barber,2004,80198687
The Price of Success,2017,80198419
The Prince,2014,80013712
The Princess and the Frog,2009,70109429
The Princess Switch,2018,80242926
The Prison,2017,80177865
The Promise,2017,81016043
The Punisher,2004,60034557
The Pursuit of Happyness,2006,70044605
The Push,2018,81013112
The Queen of Spain,2016,80145532
The Rainbow Troops,2008,70114484
The Rat Race,2010,80145085
The Real Miyagi,2015,80094358
The Rebound,2016,81017530
The Reconquest,2016,80167843
The Redeemed and the Dominant: Fittest on Earth,2017,80176064
The Rehearsal,2016,80155790
The Republic of Imbaba,2015,81035847
The Reservoir Game,2017,80226236
The Resistance Banker,2018,80244019
The Rezort,2016,80118718
The Rift: The Dark Side of the Moon,2016,80214579
The Right One,2011,81035848
The Riot Club,2014,80017170
The Ritual,2018,80217312
The River Thief,2016,80141335
The Road to El Camino: Behind the Scenes of El Camino: A Breaking Bad Movie,2019,81211714
The Rolling Stones: Olé Olé Olé! A Trip Across Latin America,2016,80148239
The Rover,2014,70266679
The Rugrats Movie,1998,18021979
The Runner,2015,80057700
The Ruthless,2019,81080942
The Saint,1997,1153194
The Salvation,2014,80013550
The Sapphires,2012,70242568
The Sea of Trees,2015,80057565
The Secret,2018,81016339
The Seven Deadly Sins the Movie: Prisoners of the Sky,2018,81006261
The Shaukeens,2014,80023853
The Short Game,2013,70290567
The Siege of Jadotville,2016,80041653
The Silence,2015,80238292
The Silence,2017,80244078
The Silence,2019,81021447
The Similars,2015,80128690
The Sinking Of Van Der Wijck,2013,81002866
The Skin of the Wolf,2018,80168029
The Son,2018,80994020
The Space Between Us,2016,80097424
The Spectacular Now,2013,70267439
The Spiderwick Chronicles,2008,70077556
The spiral,1978,81168344
The Spirit of Christmas,2015,80094523
The Spooky Tale of Captain Underpants Hack-a-ween,2019,81021976
The Spy Who Fell to Earth,2019,80224218
The Square,2013,70268449
The Squid and the Whale,2005,70020750
The Stanford Prison Experiment,2015,80038159
The Star,2017,80121841
The Stranger,1946,1005494
The Stray,2017,80198802
The Sunchaser,1996,70122344
The Sunshine Makers,2015,80098305
The Super,2017,80989337
The Super Parental Guardians,2016,80162503
The Taking of Pelham 123,2009,70112730
The Tenth Man,2016,80104237
The Texas Chainsaw Massacre,1974,15815343
The Theory of Everything,2014,80000644
The Thief and the Imbecile,2013,81035859
The Third Party,2016,80150350
The Tiger Hunter,2016,80202076
The Time Traveler's Wife,2009,70105596
The Trader (Sovdagari),2018,80209006
The Tree of Blood,2018,81029383
The Tribe,2018,80988835
The Trigger Effect,1996,1065372
The Truth About Alcohol,2016,80185861
The Tuxedo,2002,60022980
The Twins Effect II,2004,70025372
The Ugly Truth,2009,70103759
The Unborn Child,2011,81000000
The Unknown Girl,2016,80107019
The Unmarried Wife,2016,80160692
The Untold Tales of Armistead Maupin,2017,80182949
The Vault,2017,80159566
The Violin Player,2016,80149282
The Walls of the Moon,2015,81035846
The Wandering Earth,2019,81067760
The Warning,2018,80232989
The Water Diviner,2014,80025390
The Water Horse: Legend of the Deep,2007,70060017
The Waterboy,1998,17687959
The Wedding Curse,2006,70060865
The Wedding Party,2016,80168301
The Wedding Party 2: Destination Dubai,2017,81172728
The Wishing Tree,2017,80169554
The Witch,2015,80037280
The Witch Files,2018,80208661
The Wolf's Call,2019,81027187
The Women Who Kill Lions,2016,80185722
The Workshop,2017,80237420
The World Is Yours,2018,81021528
The World We Make,2019,81078908
The Worthy,2016,80191513
The Wound,2017,80170992
The Young Offenders,2016,80152742
The Young Vagabond,1985,80997861
Theeram,2017,80994421
Theeya Velai Seyyanum Kumaru,2013,70292836
Then Came You,2019,80203143
They Are Everywhere,2016,80123741
Thi Mai,2017,80167648
This Is Not What I Expected,2017,80187205
This Was Tomorrow,2015,80092409
Thithi,2015,80107370
Thorne: Scaredy Cat,2010,70243696
Thorne: Sleepyhead,2010,70243692
Three,2016,80117455
Three and a Half,2018,81094082
Three Generations,2015,80059505
Three-Quarters Decent,2010,81035879
Thriller,2018,81024557
Thunderbolt,1947,80119193
Tiger,2016,80103424
Tiger,2016,80141767
Tik Tok,2016,80171528
Tikli and Laxmi Bomb,2017,81002213
Time Please,2013,80201815
Time Share,2018,80991809
Tini: The New Life of Violetta,2016,80152627
Tinker Bell and the Legend of the NeverBeast,2014,80028529
Tinker',2018,81047798
To All the Boys I’ve Loved Before,2018,80203147
To and From New York,2006,70053412
"To Each, Her Own",2018,80160994
To Life!,2014,80053549
To the Bone,2017,80171659
"To Wong Foo, Thanks for Everything! Julie Newmar",1995,60026477
Toc Toc,2017,80233962
Todo Sobre El Asado,2016,80190990
Toilet: Ek Prem Katha,2017,80199962
Tokyo Idols,2017,80163353
Too Late,2015,80062698
Too Young the Hero,1988,70206823
Tope: The Bait,2016,80238190
Toro,2016,80093107
Total Frat Movie,2016,80108691
Tottaa Pataaka Item Maal,2018,81095399
Tracers,2015,70295176
Trailer Park Boys Live at the North Pole,2014,70304188
Trailer Park Boys Live In F**kin' Dublin,2014,70304186
Trailer Park Boys: Countdown to Liquor Day,2009,70128549
"Trailer Park Boys: Drunk, High and Unemployed: Live in Austin",2015,80081410
Trailer Park Boys: Say Goodnight to the Bad Guys,2008,70304189
Trailer Park Boys: The Movie,2006,70069233
Trailer Park Boys: Xmas Special,2004,70143440
Train of the Dead,2007,70218312
Train to Busan,2016,80117824
Trainspotting,1996,60037022
Traitor,2008,70098332
Tramps,2017,80146759
Transformer,2017,81031652
Trash,2014,70307648
Trash Fire,2016,80098490
Treasures from the Wreck of the Unbelievable,2017,80217857
Tremors: A Cold Day in Hell,2018,80233493
Trick or Treaters,2007,80011025
Trimurti,1995,20717860
Trip to Bhangarh: Asia's Most Haunted Place,2014,80201827
Triple Threat,2019,80195901
Triumph of the Heart,1991,70206824
Trolls Holiday Special,2017,80185876
Troy,2004,60034571
Truckbhar Swapna,2018,81063480
True: Grabbleapple Harvest,2019,81035120
True: Happy Hearts Day,2019,81035127
True: Tricky Treat Day,2019,81035117
Truth or Dare,2017,80218099
Tu Hai Mera Sunday,2016,80238295
Tucker and Dale vs. Evil,2010,70129463
Tukaram,2012,80201622
Tum Milo Toh Sahi,2010,80236280
TUNA GIRL,2019,81053892
Tunisian Victory,1944,80119189
Tunnel,2016,80132626
Turbo,2013,70267728
Tusk,2014,80014857
Twenty Two,2015,80211996
Twice,2010,80208212
Twins Mission,2007,70123160
Twinsanity,2018,81034771
"Twisted Trunk, Big Fat Body",2015,80156769
Two Catalonias,2018,80992039
Two Lovers and a Bear,2016,80117082
Tyke Elephant Outlaw,2015,80066806
Tyson,2008,70100412
Udaan,2010,70139542
Udta Punjab,2016,80118002
Ugly,2013,70285730
Ugly Aur Pagli,2008,70109378
Ujala,1959,80158391
Uma Noite Mais que Louca,2011,70117577
Umrika,2015,80038288
Un plus une,2015,80081374
Una,2016,80156408
Unaccompanied Minors,2006,70053456
Unbridled,2018,80209658
Uncertain Glory,2017,80167460
Unchained: The Untold Story of Freestyle Motocross,2016,80109089
Uncle Naji in UAE,2019,81158575
Undefeated,2011,70177633
Under an Arctic Sky,2017,80216662
Under the Eiffel Tower,2018,80208906
Under the Shadow,2016,80096786
Under the Skin,2013,70293812
Undercover Grandpa,2016,80179288
Undercover: How to Operate Behind Enemy Lines,1943,80119186
Unfinished Song,2012,70259259
Unfreedom,2015,80041337
Unicorn Store,2019,81034317
Unruly Friends,2011,81035871
Up Among The Stars,2018,80122209
Up North,2018,81172902
Upstarts,2019,80998890
Uriyadi 2,2019,81155803
Urvi,2017,80228282
Us and Them,2018,80993655
Us and Them,2017,80180224
Used Goods,2018,81065786
USS Indianapolis: Men of Courage,2016,80108976
Uyare,2019,81147274
V for Vendetta,2005,70039175
Valu: The Wild Bull,2008,70116702
Vanjagar Ulagam,2018,81045054
Vantage Point,2008,70060005
Vaya,2016,80155792
Veerappan,2016,80201822
Veronica,2017,80109295
Verónica,2017,80162246
Verses of Love,2008,81047897
Verses of Love 2,2017,81047903
Very Big Shot,2015,80081960
Vettai,2012,70225597
Vince and Kath and James,2016,80157890
Vincent N Roxxy,2016,80161931
Virsa,2010,81024718
Virunga,2014,80009431
Visaranai,2015,80149139
Viswasapoorvam Mansoor,2017,80994572
Vitti Dandu,2014,80191557
Vizontele,2001,80038527
Vizontele Tuuba,2004,80038445
W/O Ram,2018,81025088
Waar,2013,80187467
Waarrior Savitri,2016,80203780
Waiting,2015,80990813
Wake Up Sid,2009,70123119
Walk. Ride. Rodeo.,2019,80995799
Walking Out,2017,80173150
Walt Disney Animation Studios Short Films Collection,2015,80062011
War Against Women,2013,81077862
War Chhod Na Yaar,2013,70296742
Warda,2014,81035854
Warehoused,2015,80216215
Watchman,2019,81155784
Wazir,2016,80094096
We Are Family,2016,80156856
We Are Family,2010,70150437
We Are Legends,2019,81068732
We Are Young. We Are Strong.,2014,80141337
We Need to Talk,2016,80103426
We the Animals,2018,80241304
We're Back! A Dinosaur's Story,1993,70115605
We're No Animals,2015,80184661
"We, the Marines",2017,80217135
Weapon of Choice,2018,81059944
Weather forecast,1983,81168341
Wedding Unplanned,2017,80171705
Weeds on Fire,2016,81012295
Welcome 2 Karachi,2015,80223190
Welcome Mr. President!,2013,80061797
Welcome to Monster High: The Origin Story,2016,80112371
Welcome to New York,2014,80044566
Welcome to Sajjanpur,2008,70108590
Welcome to Willits,2017,80201570
West Coast,2016,80123742
Westerplatte Resists,1967,81168346
Westside vs. the World,2019,81153372
Wet Hot American Summer,2001,60021299
What a Girl Wants,2003,60026155
What a Wonderful Family!,2017,80996349
What Still Remains,2018,81019341
What the Fish,2013,80165856
What the Jatt!!,2015,80084667
What's Up With Love?,2002,81016342
What's Your Raashee?,2009,70123118
When Angels Sleep,2018,80244708
When Hari Got Married,2013,80145086
When Two Worlds Collide,2016,80097475
When We First Met,2018,80117531
While We're Young,2015,80017286
White Christmas,1954,60003082
White Fang,2018,80245121
White Girl,2016,80098467
White Island,2016,80162144
Who the F**k Is That Guy?,2017,80173269
Who Would You Take to a Deserted Island?,2019,81018120
Who's That Knocking at My Door,1967,70001777
Wild Child,2008,70084791
Williams,2017,80196135
Win It All,2017,80134527
Winnie,2017,80170119
Winning,2016,80191004
Winter of Our Dreams,1981,80156369
Winter on Fire: Ukraine's Fight for Freedom,2015,80031666
Winter's Bone,2010,70129374
Wish I Was Here,2014,70299867
Withdrawn,2017,80220531
Wolves,2016,80170767
Women at War 1914-1918,2014,80230465
Women at War 1939-1945,2015,80230555
Woody Woodpecker,2017,80225034
World's Weirdest Homes,2015,81059812
Would You Rather,2013,70270388
Wrong No.,2015,80187323
Wrong Side Raju,2016,80208413
X: Past Is Present,2015,80108386
XX,2017,80027041
xXx,2002,60023619
XXX: State of the Union,2005,70023960
Y Tu Mamá También,2001,60023237
Y.M.I.: Yeh Mera India,2008,70125935
Yaadein,2001,60021903
Yaar Gaddar,1994,80157132
Yaara O Dildaara,2011,80211371
Yamla Pagla Deewana 2,2013,70308135
Yanda Kartavya Aahe,2006,70114043
Yeh Hai Bakrapur,2014,81024728
Yellowbird,2014,80018296
Yes or No,2010,81002594
Yes or No 2,2012,81002596
Yes or No 2.5,2015,81002597
Yo-Kai Watch: The Movie,2016,80154176
Yoga Hosers,2016,80098491
Yoko and His Friends,2015,80238351
You Can Tutu,2017,80218432
You Can’t Fight Christmas,2017,80206057
You Carry Me,2015,80085300
You Changed My Life,2009,70127628
You Don't Mess with the Zohan,2008,70087541
You're Everything To Me,2016,81043343
You're My Boss,2015,80050106
Young Tiger,1973,1145882
Your Son,2018,80167647
Yucatán,2018,80988834
Yuva,2004,70001564
YZ,2016,80201615
Zack and Miri Make a Porno,2008,70099118
Zapped,2014,70306702
Zenda,2009,80201817
Zero,2018,81005364
Zindagi Kitni Haseen Hay,2016,81024705
Zinzana,2015,80095233
Zion,2018,80239831
Zipi & Zape y la Isla del Capitan,2016,80093104
Zoé: Panoramas,2016,81170694
Zokkomon,2011,70185141
Zombieland,2009,70123542
Zoo,2018,80993648
Zoom,2015,80093812
Zubaan,2015,80095531
"¡Ay, mi madre!",2019,80997613
Æon Flux,2005,70045919
Goli Soda 2,2018,81018234
Maj Rati Keteki,2017,81018235
Mayurakshi,2017,81018236
